run_id,chem_id,section_no,source,roundtrip,edit_similarity,chrf,ok
run-1,023116,10,"화학적 안정성 및 유해 반응의 가능성: 상온상압조건에서 안정함|가열시 용기가 폭발할 수 있음|일부는 탈 수 있으나 쉽게 점화하지 않음|화재시 자극성, 독성 가스를 발생할 수 있음|물질의 흡입은 유해할 수 있음|일부 액체는 현기증, 질식을 유발하는 증기는 발생할 수 있음
피해야 할 조건: 열, 스파크, 화염 등 점화원
피해야 할 물질: 가연성 물질|자극성, 독성 가스
분해시 생성되는 유해물질: 자료없음","화학적 안정성 및 유해 반응의 가능성: 상온상압조건에서 안정함|가열시 용기가 폭발할 수 있음|일부는 탈 수 있으나 쉽게 점화하지 않음|화재시 자극성, 독성 가스를 발생할 수 있음|물질의 흡입은 유해할 수 있음|일부 액체는 현기증, 질식을 유발하는 증기는 발생할 수 있음
피해야 할 조건: 열, 스파크, 화염 등 점화원
피해야 할 물질: 가연성 물질|자극성, 독성 가스
분해시 생성되는 유해물질: 자료없음",1.000000,1.000000,True
run-1,010792,5,"적절한(부적절한) 소화제: 자료없음
화학물질로부터 생기는 특정 유해성: 자료없음
화재진압시 착용할 보호구 및 예방조치: 자료없음","적절한(부적절한) 소화제: 자료없음
화학물질로부터 생기는 특정 유해성: 자료없음
화재진압시 착용할 보호구 및 예방조치: 자료없음",1.000000,1.000000,True
run-1,027907,10,"화학적 안정성 및 유해 반응의 가능성: 자료없음
피해야 할 조건: 자료없음
피해야 할 물질: 자료없음
분해시 생성되는 유해물질: 자료없음","화학적 안정성 및 유해 반응의 가능성: 자료없음
피해야 할 조건: 자료없음
피해야 할 물질: 자료없음
분해시 생성되는 유해물질: 자료없음",1.000000,1.000000,True
run-1,044694,2,"유해성·위험성 분류: 자료없음
그림문자: 자료없음
신호어: 자료없음
유해·위험문구: 자료없음
예방: 자료없음
대응: 자료없음
저장: 자료없음
폐기: 자료없음
유해성·위험성 분류기준에 포함되지 않는 기타 유해성·위험성(예. 분진폭발 위험성): 자료없음","유해성·위험성 분류: 자료없음
그림문자: 자료없음
신호어: 자료없음
유해·위험문구: 자료없음
예방: 자료없음
대응: 자료없음
저장: 자료없음
폐기: 자료없음
유해성·위험성 분류기준에 포함되지 않는 기타 유해성·위험성(예. 분진폭발 위험성): 자료없음",1.000000,1.000000,True
run-1,003566,1,"제품명: Dibenzothiophene
제품의 권고 용도: 자료없음
제품의 사용상의 제한: 자료없음
회사명: 자료없음
주소: 자료없음
긴급전화번호: 자료없음","제품명: Dibenzothiophene
제품의 권고 용도: 자료없음
제품의 사용상의 제한: 자료없음
회사명: 자료없음
주소: 자료없음
긴급전화번호: 자료없음",1.000000,1.000000,True
run-1,005310,6,"인체를 보호하기 위해 필요한 조치사항 및 보호구: 자료없음
환경을 보호하기 위해 필요한 조치사항: 자료없음
정화 또는 제거 방법: 자료없음","인체를 보호하기 위해 필요한 조치사항 및 보호구: 자료없음
환경을 보호하기 위해 필요한 조치사항: 자료없음
정화 또는 제거 방법: 자료없음",1.000000,1.000000,True
run-1,037153,1,"제품명: 4-(4-메틸-3-펜텐-1-일)-3-사이클로헥센-1-카복살데이히드
제품의 권고 용도: 자료없음
제품의 사용상의 제한: 자료없음
회사명: 자료없음
주소: 자료없음
긴급전화번호: 자료없음","제품명: 4-(4-메틸-3-펜텐-1-일)-3-사이클로헥센-1-카복살데이히드
제품의 권고 용도: 자료없음
제품의 사용상의 제한: 자료없음
회사명: 자료없음
주소: 자료없음
긴급전화번호: 자료없음",1.000000,1.000000,True
run-1,006829,8,"국내규정: |자료없음
ACGIH 규정: 자료없음
생물학적 노출기준: 자료없음
기타 노출기준: 자료없음
적절한 공학적 관리: 자료없음
호흡기 보호: |노출되는 물질의 물리화학적 특성에 맞는 산업안전보건공단의 인증을 필한 호흡용 보호구를 착용 하시오|-안면부 여과식 방진마스크 또는 공기여과식 방진마스크(고효율미립자여과재)또는 전동팬 부착 방진마스크(분진, 미스트, 흄용 여과재)|기체/액체물질의 경우 다음과 같은 호흡기 보호구가 권고됨 
-격리식 전면형 방독마스크(유기화합물용(산성가스인 경우 산성가스용)) 또는 격리식 반면형 방독마스크(유기화합물용(산성가스인 경우 산성가스용)) 또는 직결식 전면형 방독 마스크(유기화합물용(산성가스인 경우 산성가스용)) 또는 반면형 방독 마스크(유기화합물용(산성가스인 경우 산성가스용)) 또는 전동식 방독마스크|산소가 부족한 경우(&amp;lt;19.6%), 송기마스크, 혹은 자급식 호흡보호구를 착용하시오
눈 보호: 자료없음
손 보호: 자료없음
신체 보호: 자료없음","국내규정: |자료없음
ACGIH 규정: 자료없음
생물학적 노출기준: 자료없음
기타 노출기준: 자료없음
적절한 공학적 관리: 자료없음
호흡기 보호: |노출되는 물질의 물리화학적 특성에 맞는 산업안전보건공단의 인증을 필한 호흡용 보호구를 착용 하시오|-안면부 여과식 방진마스크 또는 공기여과식 방진마스크(고효율미립자여과재)또는 전동팬 부착 방진마스크(분진, 미스트, 흄용 여과재)|기체/액체물질의 경우 다음과 같은 호흡기 보호구가 권고됨 
-격리식 전면형 방독마스크(유기화합물용(산성가스인 경우 산성가스용)) 또는 격리식 반면형 방독마스크(유기화합물용(산성가스인 경우 산성가스용)) 또는 직결식 전면형 방독 마스크(유기화합물용(산성가스인 경우 산성가스용)) 또는 반면형 방독 마스크(유기화합물용(산성가스인 경우 산성가스용)) 또는 전동식 방독마스크|산소가 부족한 경우(&amp;lt;19.6%), 송기마스크, 혹은 자급식 호흡보호구를 착용하시오
눈 보호: 자료없음
손 보호: 자료없음
신체 보호: 자료없음",1.000000,1.000000,True
run-1,025961,4,"눈에 들어갔을 때: 자료없음
피부에 접촉했을 때: 자료없음
흡입했을 때: 자료없음
먹었을 때: 자료없음
기타 의사의 주의사항: 자료없음","눈에 들어갔을 때: 자료없음
피부에 접촉했을 때: 자료없음
흡입했을 때: 자료없음
먹었을 때: 자료없음
기타 의사의 주의사항: 자료없음",1.000000,1.000000,True
run-1,040227,1,"제품명: Potassium glycerate
제품의 권고 용도: 자료없음
제품의 사용상의 제한: 자료없음
회사명: 자료없음
주소: 자료없음
긴급전화번호: 자료없음","제품명: Potassium glycerate
제품의 권고 용도: 자료없음
제품의 사용상의 제한: 자료없음
회사명: 자료없음
주소: 자료없음
긴급전화번호: 자료없음",1.000000,1.000000,True
run-1,004280,13,"폐기방법: 폐기물관리법에 명시된 경우 규정에 따라 내용물 및 용기를 폐기하시오.
폐기시 주의사항: 자료없음","폐기방법: 폐기물관리법에 명시된 경우 규정에 따라 내용물 및 용기를 폐기하시오.
폐기시 주의사항: 자료없음",1.000000,1.000000,True
run-1,035288,12,"어류: 자료없음
갑각류: 자료없음
조류: 자료없음
잔류성: 자료없음
분해성: 자료없음
농축성: 자료없음
생분해성: 자료없음
토양이동성: 자료없음
기타 유해 영향: 자료없음","어류: 자료없음
갑각류: 자료없음
조류: 자료없음
잔류성: 자료없음
분해성: 자료없음
농축성: 자료없음
생분해성: 자료없음
토양이동성: 자료없음
기타 유해 영향: 자료없음",1.000000,1.000000,True
run-1,015358,9,"외관: 자료없음
성상: 고체  (분말, 결정체) |   ※출처 : International Chemical Safety Cards (ICSC)(http://www.ilo.org/public/english/protection/safework/cis/products/icsc/dtasht/index.htm)
색상: 무색   |   ※출처 : NInternational Chemical Safety Cards (ICSC)(http://www.ilo.org/public/english/protection/safework/cis/products/icsc/dtasht/index.htm)
냄새: 무취   |   ※출처 : National Library of Medicine/Hazardous Substances Data Bank(NLM/HSDB)(http://toxnet.nlm.nih.gov/cgi-bin/sis/htmlgen?HSDB)
냄새역치: 자료없음
pH: 7   |   ※출처 : National Library of Medicine/Hazardous Substances Data Bank(NLM/HSDB)(http://toxnet.nlm.nih.gov/cgi-bin/sis/htmlgen?HSDB)
녹는점/어는점: 770~773 ℃  |   ※출처 : International Chemical Safety Cards (ICSC)(http://www.ilo.org/public/english/protection/safework/cis/products/icsc/dtasht/index.htm)
초기 끓는점과 끓는점 범위: 1407 ℃|   ※출처 : OECD Screening Information Data Set(http://cs3-hq.oecd.org/scripts/hpv/)
인화점: 자료없음
증발속도: 자료없음
인화성(고체, 기체): 자료없음
인화 또는 폭발 범위의 상한/하한: - / -
증기압: (5.73 hPa at 906 °C) |   ※출처 : OECD Screening Information Data Set(http://cs3-hq.oecd.org/scripts/hpv/)
용해도: 342000 ㎎/ℓ (at 20°C) |   ※출처 : OECD Screening Information Data Set(http://cs3-hq.oecd.org/scripts/hpv/)
증기밀도: 자료없음
비중: 1.98   |   ※출처 : International Chemical Safety Cards (ICSC)(http://www.ilo.org/public/english/protection/safework/cis/products/icsc/dtasht/index.htm)
n-옥탄올/물분배계수 (Kow): -0.46 |   ※출처 : OECD Screening Information Data Set(http://cs3-hq.oecd.org/scripts/hpv/)
자연발화온도: 자료없음
분해온도: 자료없음
점도: 자료없음
분자량: 74.55   |   ※출처 : OECD Screening Information Data Set(http://cs3-hq.oecd.org/scripts/hpv/)","외관: 자료없음
성상: 고체  (분말, 결정체) |   ※출처 : International Chemical Safety Car퍼 (ICSC)(http://www.ilo.org/public/english/protection/safework/cis/products/icsc/dtasht/index.htm)
색상: 무색   |   ※출처 : NInternational Chemical Safety Car퍼 (ICSC)(http://www.ilo.org/public/english/protection/safework/cis/products/icsc/dtasht/index.htm)
냄새: 무취   |   ※출처 : National Library of Medicine/⠴ㅅ{⠵⠁⠗피⠥⠎ Substanc머 Data Bank(NLM/HSDB)(http://toxnet.nlm.nih.gov/cgi-bin/sis/htmlg멭HSDB)
냄새역치: 자료없음
pH: 7   |   ※출처 : National Library of Medicine/⠴ㅅ{⠵⠁⠗피⠥⠎ Substanc머 Data Bank(NLM/HSDB)(http://toxnet.nlm.nih.gov/cgi-bin/sis/htmlg멭HSDB)
녹는점/어는점: 770~773 ℃  |   ※출처 : International Chemical Safety Car퍼 (ICSC)(http://www.ilo.org/public/english/protection/safework/cis/products/icsc/dtasht/index.htm)
초기 끓는점과 끓는점 범위: 1407 ℃|   ※출처 : OECD Scre메데ㅇ ⠴떼키⠗⠍⠁⠞디⠝ Data Set(http://⠴너3-hq.oecd.org/s내둬⠞⠎/hpv/)
인화점: 자료없음
증발속도: 자료없음
인화성(고체, 기체): 자료없음
인화 또는 폭발 범위의 상한/하한: - / -
증기압: (5.73 hPa at 906 °C) |   ※출처 : OECD Scre메데ㅇ ⠴떼키⠗⠍⠁⠞디⠝ Data Set(http://⠴너3-hq.oecd.org/s내둬⠞⠎/hpv/)
용해도: 342000 ㎎/ℓ (at 20°C) |   ※출처 : OECD Scre메데ㅇ ⠴떼키⠗⠍⠁⠞디⠝ Data Set(http://⠴너3-hq.oecd.org/s내둬⠞⠎/hpv/)
증기밀도: 자료없음
비중: 1.98   |   ※출처 : International Chemical Safety Car퍼 (ICSC)(http://www.ilo.org/public/english/protection/safework/cis/products/icsc/dtasht/index.htm)
n-옥탄올/물분배계수 (Kow): -0.46 |   ※출처 : OECD Scre메데ㅇ ⠴떼키⠗⠍⠁⠞디⠝ Data Set(http://⠴너3-hq.oecd.org/s내둬⠞⠎/hpv/)
자연발화온도: 자료없음
분해온도: 자료없음
점도: 자료없음
분자량: 74.55   |   ※출처 : OECD Scre메데ㅇ ⠴떼키⠗⠍⠁⠞디⠝ Data Set(http://⠴너3-hq.oecd.org/s내둬⠞⠎/hpv/)",0.900447,0.862053,False
run-1,002741,5,"적절한(부적절한) 소화제: 이 물질과 관련된 소화시 알콜 포말, 이산화탄소 또는 물분무를 사용할 것|질식소화시 건조한 모래 또는 흙을 사용할 것
화학물질로부터 생기는 특정 유해성: 가열시 용기가 폭발할 수 있음|일부는 탈 수 있으나 쉽게 점화하지 않음|비인화성, 물질 자체는 타지 않으나 가열시 분해하여 부식성/독성 흄을 발생할 수 있음|화재시 자극성, 부식성, 독성 가스를 발생할 수 있음
화재진압시 착용할 보호구 및 예방조치: 구조자는 적절한 보호구를 착용하시오.|지역을 벗어나 안전거리를 유지하여 소화하시오|용융되어 운송될 수도 있으니 주의하시오|일부는 고온으로 운송될 수 있으니 주의하시오|소화수의 처분을 위해 도랑을 파서 가두고 물질이 흩어지지 않게 하시오|위험하지 않다면 화재지역에서 용기를 옮기시오|탱크 화재시 최대거리에서 소화하거나 무인 소화장비를 이용하시오|탱크 화재시 소화가 진화된 후에도 다량의 물로 용기를 식히시오|탱크 화재시 압력 방출장치에서 고음이 있거나 탱크가 변색할 경우 즉시 물러나시오|탱크 화재시 화염에 휩싸인 탱크에서 물러나시오|탱크 화재시 대규모 화재의 경우 무인 소화장비를 이용하고 불가능하다면 물러나 타게 놔두시오","적절한(부적절한) 소화제: 이 물질과 관련된 소화시 알콜 포말, 이산화탄소 또는 물분무를 사용할 것|질식소화시 건조한 모래 또는 흙을 사용할 것
화학물질로부터 생기는 특정 유해성: 가열시 용기가 폭발할 수 있음|일부는 탈 수 있으나 쉽게 점화하지 않음|비인화성, 물질 자체는 타지 않으나 가열시 분해하여 부식성/독성 흄을 발생할 수 있음|화재시 자극성, 부식성, 독성 가스를 발생할 수 있음
화재진압시 착용할 보호구 및 예방조치: 구조자는 적절한 보호구를 착용하시오.|지역을 벗어나 안전거리를 유지하여 소화하시오|용융되어 운송될 수도 있으니 주의하시오|일부는 고온으로 운송될 수 있으니 주의하시오|소화수의 처분을 위해 도랑을 파서 가두고 물질이 흩어지지 않게 하시오|위험하지 않다면 화재지역에서 용기를 옮기시오|탱크 화재시 최대거리에서 소화하거나 무인 소화장비를 이용하시오|탱크 화재시 소화가 진화된 후에도 다량의 물로 용기를 식히시오|탱크 화재시 압력 방출장치에서 고음이 있거나 탱크가 변색할 경우 즉시 물러나시오|탱크 화재시 화염에 휩싸인 탱크에서 물러나시오|탱크 화재시 대규모 화재의 경우 무인 소화장비를 이용하고 불가능하다면 물러나 타게 놔두시오",1.000000,1.000000,True
run-1,006261,10,"화학적 안정성 및 유해 반응의 가능성: 자료없음
피해야 할 조건: 자료없음
피해야 할 물질: 자료없음
분해시 생성되는 유해물질: 자료없음","화학적 안정성 및 유해 반응의 가능성: 자료없음
피해야 할 조건: 자료없음
피해야 할 물질: 자료없음
분해시 생성되는 유해물질: 자료없음",1.000000,1.000000,True
run-1,030451,14,"유엔번호(UN No.): UN 운송위험물질 분류정보가 없음
적정선적명: 해당없음
운송에서의 위험성 등급: 해당없음
용기등급: 해당없음
해양오염물질: 자료없음
화재시 비상조치: 해당없음
유출시 비상조치: 해당없음","유엔번호(UN No.): UN 운송위험물질 분류정보가 없음
적정선적명: 해당없음
운송에서의 위험성 등급: 해당없음
용기등급: 해당없음
해양오염물질: 자료없음
화재시 비상조치: 해당없음
유출시 비상조치: 해당없음",1.000000,1.000000,True
run-1,029437,13,"폐기방법: 자료없음
폐기시 주의사항: 자료없음","폐기방법: 자료없음
폐기시 주의사항: 자료없음",1.000000,1.000000,True
run-1,005128,8,"국내규정: |자료없음
ACGIH 규정: 자료없음
생물학적 노출기준: 자료없음
기타 노출기준: 자료없음
적절한 공학적 관리: 자료없음
호흡기 보호: |노출되는 물질의 물리화학적 특성에 맞는 산업안전보건공단의 인증을 필한 호흡용 보호구를 착용 하시오|-안면부 여과식 방진마스크 또는 공기여과식 방진마스크(고효율미립자여과재)또는 전동팬 부착 방진마스크(분진, 미스트, 흄용 여과재)|기체/액체물질의 경우 다음과 같은 호흡기 보호구가 권고됨 
-격리식 전면형 방독마스크(유기화합물용(산성가스인 경우 산성가스용)) 또는 격리식 반면형 방독마스크(유기화합물용(산성가스인 경우 산성가스용)) 또는 직결식 전면형 방독 마스크(유기화합물용(산성가스인 경우 산성가스용)) 또는 반면형 방독 마스크(유기화합물용(산성가스인 경우 산성가스용)) 또는 전동식 방독마스크|산소가 부족한 경우(&amp;lt;19.6%), 송기마스크, 혹은 자급식 호흡보호구를 착용하시오
눈 보호: 자료없음
손 보호: 자료없음
신체 보호: 자료없음","국내규정: |자료없음
ACGIH 규정: 자료없음
생물학적 노출기준: 자료없음
기타 노출기준: 자료없음
적절한 공학적 관리: 자료없음
호흡기 보호: |노출되는 물질의 물리화학적 특성에 맞는 산업안전보건공단의 인증을 필한 호흡용 보호구를 착용 하시오|-안면부 여과식 방진마스크 또는 공기여과식 방진마스크(고효율미립자여과재)또는 전동팬 부착 방진마스크(분진, 미스트, 흄용 여과재)|기체/액체물질의 경우 다음과 같은 호흡기 보호구가 권고됨 
-격리식 전면형 방독마스크(유기화합물용(산성가스인 경우 산성가스용)) 또는 격리식 반면형 방독마스크(유기화합물용(산성가스인 경우 산성가스용)) 또는 직결식 전면형 방독 마스크(유기화합물용(산성가스인 경우 산성가스용)) 또는 반면형 방독 마스크(유기화합물용(산성가스인 경우 산성가스용)) 또는 전동식 방독마스크|산소가 부족한 경우(&amp;lt;19.6%), 송기마스크, 혹은 자급식 호흡보호구를 착용하시오
눈 보호: 자료없음
손 보호: 자료없음
신체 보호: 자료없음",1.000000,1.000000,True
run-1,017361,4,"눈에 들어갔을 때: 자료없음
피부에 접촉했을 때: 자료없음
흡입했을 때: 자료없음
먹었을 때: 자료없음
기타 의사의 주의사항: 자료없음","눈에 들어갔을 때: 자료없음
피부에 접촉했을 때: 자료없음
흡입했을 때: 자료없음
먹었을 때: 자료없음
기타 의사의 주의사항: 자료없음",1.000000,1.000000,True
run-1,006588,12,"어류: (자료없음)
갑각류: (자료없음)
조류: (자료없음)
잔류성: (해당없음)
분해성: (자료없음)
농축성: (자료없음)
생분해성: (자료없음)
토양이동성: (자료없음)
기타 유해 영향: 자료없음","어류: (자료없음)
갑각류: (자료없음)
조류: (자료없음)
잔류성: (해당없음)
분해성: (자료없음)
농축성: (자료없음)
생분해성: (자료없음)
토양이동성: (자료없음)
기타 유해 영향: 자료없음",1.000000,1.000000,True
run-1,038146,14,"유엔번호(UN No.): UN 운송위험물질 분류정보가 없음
적정선적명: 해당없음
운송에서의 위험성 등급: 해당없음
용기등급: 해당없음
해양오염물질: 자료없음
화재시 비상조치: 해당없음
유출시 비상조치: 해당없음","유엔번호(UN No.): UN 운송위험물질 분류정보가 없음
적정선적명: 해당없음
운송에서의 위험성 등급: 해당없음
용기등급: 해당없음
해양오염물질: 자료없음
화재시 비상조치: 해당없음
유출시 비상조치: 해당없음",1.000000,1.000000,True
run-1,029853,12,"어류: 자료없음
갑각류: 자료없음
조류: 자료없음
잔류성: 자료없음
분해성: 자료없음
농축성: 자료없음
생분해성: 자료없음
토양이동성: 자료없음
기타 유해 영향: 자료없음","어류: 자료없음
갑각류: 자료없음
조류: 자료없음
잔류성: 자료없음
분해성: 자료없음
농축성: 자료없음
생분해성: 자료없음
토양이동성: 자료없음
기타 유해 영향: 자료없음",1.000000,1.000000,True
run-1,004360,3,"물질명: 9-안트라센메탄올(9-ANTHRACENEMETHANOL)
이명(관용명): 안트라신 메탄올(ANTRACENE METHANOL);
CAS 번호: 1468-95-7
함유량(%): 100%","물질명: 9-안트라센메탄올(9-ANTHRACENEMETHANOL)
이명(관용명): 안트라신 메탄올(ANTRACENE METHANOL);
CAS 번호: 1468-95-7
함유량(%): 100%",1.000000,1.000000,True
run-1,039091,1,"제품명: Oils, violet -
제품의 권고 용도: 자료없음
제품의 사용상의 제한: 자료없음
회사명: 자료없음
주소: 자료없음
긴급전화번호: 자료없음","제품명: Oils, violet -
제품의 권고 용도: 자료없음
제품의 사용상의 제한: 자료없음
회사명: 자료없음
주소: 자료없음
긴급전화번호: 자료없음",1.000000,1.000000,True
run-1,008899,16,"자료의 출처: 자료없음
최초작성일자: 자료없음
개정횟수: 자료없음
최종 개정일자: 자료없음
기타: 자료없음","자료의 출처: 자료없음
최초작성일자: 자료없음
개정횟수: 자료없음
최종 개정일자: 자료없음
기타: 자료없음",1.000000,1.000000,True
run-1,016086,14,"유엔번호(UN No.): UN 운송위험물질 분류정보가 없음
적정선적명: 해당없음
운송에서의 위험성 등급: 해당없음
용기등급: 해당없음
해양오염물질: 자료없음
화재시 비상조치: 해당없음
유출시 비상조치: 해당없음","유엔번호(UN No.): UN 운송위험물질 분류정보가 없음
적정선적명: 해당없음
운송에서의 위험성 등급: 해당없음
용기등급: 해당없음
해양오염물질: 자료없음
화재시 비상조치: 해당없음
유출시 비상조치: 해당없음",1.000000,1.000000,True
run-1,043362,3,"물질명: Terpenes and Terpenoids, turpentine-oil, limonene fraction, polymd. -
CAS 번호: 141636-99-9
함유량(%): 100%","물질명: Terp메머 and Terpenoi퍼, turpentine-oil, limonene fraction, polymd. -
CAS 번호: 141636-99-9
함유량(%): 100%",0.943925,0.899336,False
run-1,043152,15,,,1.000000,1.000000,True
run-1,040240,12,"어류: 자료없음
갑각류: 자료없음
조류: 자료없음
잔류성: 자료없음
분해성: 자료없음
농축성: 자료없음
생분해성: 자료없음
토양이동성: 자료없음
기타 유해 영향: 자료없음","어류: 자료없음
갑각류: 자료없음
조류: 자료없음
잔류성: 자료없음
분해성: 자료없음
농축성: 자료없음
생분해성: 자료없음
토양이동성: 자료없음
기타 유해 영향: 자료없음",1.000000,1.000000,True
run-1,004559,7,"안전취급요령: 자료없음
안전한 저장방법: 자료없음","안전취급요령: 자료없음
안전한 저장방법: 자료없음",1.000000,1.000000,True
run-1,039854,8,"국내규정: |자료없음
ACGIH 규정: 자료없음
생물학적 노출기준: 자료없음
기타 노출기준: 자료없음
적절한 공학적 관리: 자료없음
호흡기 보호: |노출되는 물질의 물리화학적 특성에 맞는 산업안전보건공단의 인증을 필한 호흡용 보호구를 착용 하시오|-안면부 여과식 방진마스크 또는 공기여과식 방진마스크(고효율미립자여과재)또는 전동팬 부착 방진마스크(분진, 미스트, 흄용 여과재)|기체/액체물질의 경우 다음과 같은 호흡기 보호구가 권고됨 
-격리식 전면형 방독마스크(유기화합물용(산성가스인 경우 산성가스용)) 또는 격리식 반면형 방독마스크(유기화합물용(산성가스인 경우 산성가스용)) 또는 직결식 전면형 방독 마스크(유기화합물용(산성가스인 경우 산성가스용)) 또는 반면형 방독 마스크(유기화합물용(산성가스인 경우 산성가스용)) 또는 전동식 방독마스크|산소가 부족한 경우(&amp;lt;19.6%), 송기마스크, 혹은 자급식 호흡보호구를 착용하시오
눈 보호: 자료없음
손 보호: 자료없음
신체 보호: 자료없음","국내규정: |자료없음
ACGIH 규정: 자료없음
생물학적 노출기준: 자료없음
기타 노출기준: 자료없음
적절한 공학적 관리: 자료없음
호흡기 보호: |노출되는 물질의 물리화학적 특성에 맞는 산업안전보건공단의 인증을 필한 호흡용 보호구를 착용 하시오|-안면부 여과식 방진마스크 또는 공기여과식 방진마스크(고효율미립자여과재)또는 전동팬 부착 방진마스크(분진, 미스트, 흄용 여과재)|기체/액체물질의 경우 다음과 같은 호흡기 보호구가 권고됨 
-격리식 전면형 방독마스크(유기화합물용(산성가스인 경우 산성가스용)) 또는 격리식 반면형 방독마스크(유기화합물용(산성가스인 경우 산성가스용)) 또는 직결식 전면형 방독 마스크(유기화합물용(산성가스인 경우 산성가스용)) 또는 반면형 방독 마스크(유기화합물용(산성가스인 경우 산성가스용)) 또는 전동식 방독마스크|산소가 부족한 경우(&amp;lt;19.6%), 송기마스크, 혹은 자급식 호흡보호구를 착용하시오
눈 보호: 자료없음
손 보호: 자료없음
신체 보호: 자료없음",1.000000,1.000000,True
run-1,040407,8,"국내규정: |자료없음
ACGIH 규정: 자료없음
생물학적 노출기준: 자료없음
기타 노출기준: 자료없음
적절한 공학적 관리: 자료없음
호흡기 보호: |노출되는 물질의 물리화학적 특성에 맞는 산업안전보건공단의 인증을 필한 호흡용 보호구를 착용 하시오|-안면부 여과식 방진마스크 또는 공기여과식 방진마스크(고효율미립자여과재)또는 전동팬 부착 방진마스크(분진, 미스트, 흄용 여과재)|기체/액체물질의 경우 다음과 같은 호흡기 보호구가 권고됨 
-격리식 전면형 방독마스크(유기화합물용(산성가스인 경우 산성가스용)) 또는 격리식 반면형 방독마스크(유기화합물용(산성가스인 경우 산성가스용)) 또는 직결식 전면형 방독 마스크(유기화합물용(산성가스인 경우 산성가스용)) 또는 반면형 방독 마스크(유기화합물용(산성가스인 경우 산성가스용)) 또는 전동식 방독마스크|산소가 부족한 경우(&amp;lt;19.6%), 송기마스크, 혹은 자급식 호흡보호구를 착용하시오
눈 보호: 자료없음
손 보호: 자료없음
신체 보호: 자료없음","국내규정: |자료없음
ACGIH 규정: 자료없음
생물학적 노출기준: 자료없음
기타 노출기준: 자료없음
적절한 공학적 관리: 자료없음
호흡기 보호: |노출되는 물질의 물리화학적 특성에 맞는 산업안전보건공단의 인증을 필한 호흡용 보호구를 착용 하시오|-안면부 여과식 방진마스크 또는 공기여과식 방진마스크(고효율미립자여과재)또는 전동팬 부착 방진마스크(분진, 미스트, 흄용 여과재)|기체/액체물질의 경우 다음과 같은 호흡기 보호구가 권고됨 
-격리식 전면형 방독마스크(유기화합물용(산성가스인 경우 산성가스용)) 또는 격리식 반면형 방독마스크(유기화합물용(산성가스인 경우 산성가스용)) 또는 직결식 전면형 방독 마스크(유기화합물용(산성가스인 경우 산성가스용)) 또는 반면형 방독 마스크(유기화합물용(산성가스인 경우 산성가스용)) 또는 전동식 방독마스크|산소가 부족한 경우(&amp;lt;19.6%), 송기마스크, 혹은 자급식 호흡보호구를 착용하시오
눈 보호: 자료없음
손 보호: 자료없음
신체 보호: 자료없음",1.000000,1.000000,True
run-1,028029,5,"적절한(부적절한) 소화제: 소형 화재: 건조모래, 건조화학제, 내알콜포말, 물분무, 일반포말, CO2 (적절한 소화제)|대형 화재: 물분무/안개, 일반포말 (적절한 소화제)|고압주수 (부적절한 소화제)
화학물질로부터 생기는 특정 유해성: 열, 스파크, 화염에 의해 점화할 수 있음|가열시 용기가 폭발할 수 있음|일부는 탈 수 있으나 쉽게 점화하지 않음|화재시 자극성, 독성 가스를 발생할 수 있음|물질의 흡입은 유해할 수 있음|일부 액체는 현기증, 질식을 유발하는 증기는 발생할 수 있음
화재진압시 착용할 보호구 및 예방조치: 위험하지 않다면 화재지역에서 용기를 옮기시오
일부는 고온으로 운송될 수 있음
누출물은 오염을 유발할 수 있음
접촉 시 피부와 눈에 화상을 입힐 수 있음
소화수의 처분을 위해 도랑을 파서 가두고 물질이 흩어지지 않게 하시오
위험하지 않다면 화재지역에서 용기를 옮기시오
탱크 화재시 소화가 진화된 후에도 다량의 물로 용기를 식히시오
탱크 화재시 압력 방출장치에서 고음이 있거나 탱크가 변색할 경우 즉시 물러나시오
탱크 화재시 화염에 휩싸인 탱크에서 물러나시오","적절한(부적절한) 소화제: 소형 화재: 건조모래, 건조화학제, 내알콜포말, 물분무, 일반포말, CO2 (적절한 소화제)|대형 화재: 물분무/안개, 일반포말 (적절한 소화제)|고압주수 (부적절한 소화제)
화학물질로부터 생기는 특정 유해성: 열, 스파크, 화염에 의해 점화할 수 있음|가열시 용기가 폭발할 수 있음|일부는 탈 수 있으나 쉽게 점화하지 않음|화재시 자극성, 독성 가스를 발생할 수 있음|물질의 흡입은 유해할 수 있음|일부 액체는 현기증, 질식을 유발하는 증기는 발생할 수 있음
화재진압시 착용할 보호구 및 예방조치: 위험하지 않다면 화재지역에서 용기를 옮기시오
일부는 고온으로 운송될 수 있음
누출물은 오염을 유발할 수 있음
접촉 시 피부와 눈에 화상을 입힐 수 있음
소화수의 처분을 위해 도랑을 파서 가두고 물질이 흩어지지 않게 하시오
위험하지 않다면 화재지역에서 용기를 옮기시오
탱크 화재시 소화가 진화된 후에도 다량의 물로 용기를 식히시오
탱크 화재시 압력 방출장치에서 고음이 있거나 탱크가 변색할 경우 즉시 물러나시오
탱크 화재시 화염에 휩싸인 탱크에서 물러나시오",1.000000,1.000000,True
run-1,003667,3,"물질명: 석고
CAS 번호: 13397-24-5
함유량(%): 100%","물질명: 석고
CAS 번호: 13397-24-5
함유량(%): 100%",1.000000,1.000000,True
run-1,015897,3,"물질명: 이아황산 칼륨
이명(관용명): 아황산, 모노칼륨 염(SULFUROUS ACID, MONOPOTASSIUM SALT);
CAS 번호: 7773-03-7
함유량(%): 100%","물질명: 이아황산 칼륨
이명(관용명): 아황산, 모노칼륨 염(SULFUROUS ACID, MONOPOTASSIUM SALT);
CAS 번호: 7773-03-7
함유량(%): 100%",1.000000,1.000000,True
run-1,003430,15,"산업안전보건법에 의한 규제: 관리대상유해물질 (인듐 및 그 화합물/안티몬 및 그 화합물)|작업환경측정대상물질 (측정주기 : 6개월)(인듐 및 그 화합물(2021.01.1부터 적용), 안티몬과 그화합물)|특수건강진단대상물질 (진단주기 : 12개월)(인듐 및 그 화합물(2021.01.1부터 적용), 안티몬 및 그 화합물)|노출기준설정물질
화학물질관리법에 의한 규제: 인체급성유해성물질
화학물질의 등록 및 평가 등에 관한 법률 규제: 기존화학물질 |인체급성유해성물질
위험물안전관리법에 의한 규제: 해당없음
폐기물관리법에 의한 규제: 지정폐기물
국내규제: 해당없음
기타 국내 규제: 해당없음
미국관리정보(OSHA 규정): 해당없음
미국관리정보(CERCLA 규정): 해당없음
미국관리정보(EPCRA 302 규정): 해당없음
미국관리정보(EPCRA 304 규정): 해당없음
미국관리정보(EPCRA 313 규정): 해당없음
미국관리정보(로테르담협약물질): 해당없음
미국관리정보(스톡홀름협약물질): 해당없음
미국관리정보(몬트리올의정서물질): 해당없음
EU 분류정보(확정분류결과): 해당없음
EU 분류정보(위험문구): 해당없음
EU 분류정보(안전문구): 해당없음","산업안전보건법에 의한 규제: 관리대상유해물질 (인듐 및 그 화합물/안티몬 및 그 화합물)|작업환경측정대상물질 (측정주기 : 6개월)(인듐 및 그 화합물(2021.01.1부터 적용), 안티몬과 그화합물)|특수건강진단대상물질 (진단주기 : 12개월)(인듐 및 그 화합물(2021.01.1부터 적용), 안티몬 및 그 화합물)|노출기준설정물질
화학물질관리법에 의한 규제: 인체급성유해성물질
화학물질의 등록 및 평가 등에 관한 법률 규제: 기존화학물질 |인체급성유해성물질
위험물안전관리법에 의한 규제: 해당없음
폐기물관리법에 의한 규제: 지정폐기물
국내규제: 해당없음
기타 국내 규제: 해당없음
미국관리정보(OSHA 규정): 해당없음
미국관리정보(CERCLA 규정): 해당없음
미국관리정보(EPCRA 302 규정): 해당없음
미국관리정보(EPCRA 304 규정): 해당없음
미국관리정보(EPCRA 313 규정): 해당없음
미국관리정보(로테르담협약물질): 해당없음
미국관리정보(스톡홀름협약물질): 해당없음
미국관리정보(몬트리올의정서물질): 해당없음
EU 분류정보(확정분류결과): 해당없음
EU 분류정보(위험문구): 해당없음
EU 분류정보(안전문구): 해당없음",1.000000,1.000000,True
run-1,038515,1,"제품명: (E)-Oct-2-en-4-ol
제품의 권고 용도: 자료없음
제품의 사용상의 제한: 자료없음
회사명: 자료없음
주소: 자료없음
긴급전화번호: 자료없음","제품명: (E)-Oct-2-⠴메-4-ol
제품의 권고 용도: 자료없음
제품의 사용상의 제한: 자료없음
회사명: 자료없음
주소: 자료없음
긴급전화번호: 자료없음",0.977273,0.946948,False
run-1,009548,13,"폐기방법: 폐기물관리법에 명시된 경우 규정에 따라 내용물 및 용기를 폐기하시오.
폐기시 주의사항: (관련 법규에 명시된 내용에 따라) 내용물 용기를 폐기하시오.","폐기방법: 폐기물관리법에 명시된 경우 규정에 따라 내용물 및 용기를 폐기하시오.
폐기시 주의사항: (관련 법규에 명시된 내용에 따라) 내용물 용기를 폐기하시오.",1.000000,1.000000,True
run-1,020765,5,"적절한(부적절한) 소화제: 자료없음
화학물질로부터 생기는 특정 유해성: 자료없음
화재진압시 착용할 보호구 및 예방조치: 자료없음","적절한(부적절한) 소화제: 자료없음
화학물질로부터 생기는 특정 유해성: 자료없음
화재진압시 착용할 보호구 및 예방조치: 자료없음",1.000000,1.000000,True
run-1,029501,3,"물질명: Fatty acids, soya polymers with p-tert-butylbenzoic acid, pentaerythritol and phthalic anhydride -
CAS 번호: 66071-26-9
함유량(%): 100%","물질명: Fatty aci퍼, soya polymers with p-tert-butylbenzoic acid, pentaerythritol and pht{⠇ㄷㄴ an퇴패ㄷㅍㅁ -
CAS 번호: 66071-26-9
함유량(%): 100%",0.896296,0.846154,False
run-1,010332,10,"화학적 안정성 및 유해 반응의 가능성: 고온에서 분해되어 독성가스를 생성할 수 있음|가열시 용기가 폭발할 수 있음|일부는 탈 수 있으나 쉽게 점화하지 않음|비인화성, 물질 자체는 타지 않으나 가열시 분해하여 부식성/독성 흄을 발생할 수 있음
피해야 할 조건: 열, 스파크, 화염 등 점화원
피해야 할 물질: 가연성 물질, 환원성 물질
분해시 생성되는 유해물질: 부식성/독성 흄|자극성, 부식성, 독성 가스","화학적 안정성 및 유해 반응의 가능성: 고온에서 분해되어 독성가스를 생성할 수 있음|가열시 용기가 폭발할 수 있음|일부는 탈 수 있으나 쉽게 점화하지 않음|비인화성, 물질 자체는 타지 않으나 가열시 분해하여 부식성/독성 흄을 발생할 수 있음
피해야 할 조건: 열, 스파크, 화염 등 점화원
피해야 할 물질: 가연성 물질, 환원성 물질
분해시 생성되는 유해물질: 부식성/독성 흄|자극성, 부식성, 독성 가스",1.000000,1.000000,True
run-1,037467,14,"유엔번호(UN No.): UN 운송위험물질 분류정보가 없음
적정선적명: 해당없음
운송에서의 위험성 등급: 해당없음
용기등급: 해당없음
해양오염물질: 자료없음
화재시 비상조치: 해당없음
유출시 비상조치: 해당없음","유엔번호(UN No.): UN 운송위험물질 분류정보가 없음
적정선적명: 해당없음
운송에서의 위험성 등급: 해당없음
용기등급: 해당없음
해양오염물질: 자료없음
화재시 비상조치: 해당없음
유출시 비상조치: 해당없음",1.000000,1.000000,True
run-1,008482,13,"폐기방법: 자료없음
폐기시 주의사항: (관련 법규에 명시된 내용에 따라) 내용물 용기를 폐기하시오.","폐기방법: 자료없음
폐기시 주의사항: (관련 법규에 명시된 내용에 따라) 내용물 용기를 폐기하시오.",1.000000,1.000000,True
run-1,039448,14,"유엔번호(UN No.): UN 운송위험물질 분류정보가 없음
적정선적명: 해당없음
운송에서의 위험성 등급: 해당없음
용기등급: 해당없음
해양오염물질: 자료없음
화재시 비상조치: 해당없음
유출시 비상조치: 해당없음","유엔번호(UN No.): UN 운송위험물질 분류정보가 없음
적정선적명: 해당없음
운송에서의 위험성 등급: 해당없음
용기등급: 해당없음
해양오염물질: 자료없음
화재시 비상조치: 해당없음
유출시 비상조치: 해당없음",1.000000,1.000000,True
run-1,022060,13,"폐기방법: 자료없음
폐기시 주의사항: 자료없음","폐기방법: 자료없음
폐기시 주의사항: 자료없음",1.000000,1.000000,True
run-1,038750,8,"국내규정: |자료없음
ACGIH 규정: 자료없음
생물학적 노출기준: 자료없음
기타 노출기준: 자료없음
적절한 공학적 관리: 자료없음
호흡기 보호: |노출되는 물질의 물리화학적 특성에 맞는 산업안전보건공단의 인증을 필한 호흡용 보호구를 착용 하시오|-안면부 여과식 방진마스크 또는 공기여과식 방진마스크(고효율미립자여과재)또는 전동팬 부착 방진마스크(분진, 미스트, 흄용 여과재)|기체/액체물질의 경우 다음과 같은 호흡기 보호구가 권고됨 
-격리식 전면형 방독마스크(유기화합물용(산성가스인 경우 산성가스용)) 또는 격리식 반면형 방독마스크(유기화합물용(산성가스인 경우 산성가스용)) 또는 직결식 전면형 방독 마스크(유기화합물용(산성가스인 경우 산성가스용)) 또는 반면형 방독 마스크(유기화합물용(산성가스인 경우 산성가스용)) 또는 전동식 방독마스크|산소가 부족한 경우(&amp;lt;19.6%), 송기마스크, 혹은 자급식 호흡보호구를 착용하시오
눈 보호: 자료없음
손 보호: 자료없음
신체 보호: 자료없음","국내규정: |자료없음
ACGIH 규정: 자료없음
생물학적 노출기준: 자료없음
기타 노출기준: 자료없음
적절한 공학적 관리: 자료없음
호흡기 보호: |노출되는 물질의 물리화학적 특성에 맞는 산업안전보건공단의 인증을 필한 호흡용 보호구를 착용 하시오|-안면부 여과식 방진마스크 또는 공기여과식 방진마스크(고효율미립자여과재)또는 전동팬 부착 방진마스크(분진, 미스트, 흄용 여과재)|기체/액체물질의 경우 다음과 같은 호흡기 보호구가 권고됨 
-격리식 전면형 방독마스크(유기화합물용(산성가스인 경우 산성가스용)) 또는 격리식 반면형 방독마스크(유기화합물용(산성가스인 경우 산성가스용)) 또는 직결식 전면형 방독 마스크(유기화합물용(산성가스인 경우 산성가스용)) 또는 반면형 방독 마스크(유기화합물용(산성가스인 경우 산성가스용)) 또는 전동식 방독마스크|산소가 부족한 경우(&amp;lt;19.6%), 송기마스크, 혹은 자급식 호흡보호구를 착용하시오
눈 보호: 자료없음
손 보호: 자료없음
신체 보호: 자료없음",1.000000,1.000000,True
run-1,047311,3,"물질명: 질소(NITROGEN)
CAS 번호: 7727-37-9
함유량(%): 100%","물질명: 질소(NITROGEN)
CAS 번호: 7727-37-9
함유량(%): 100%",1.000000,1.000000,True
run-1,012913,5,"적절한(부적절한) 소화제: 자료없음
화학물질로부터 생기는 특정 유해성: 자료없음
화재진압시 착용할 보호구 및 예방조치: 자료없음","적절한(부적절한) 소화제: 자료없음
화학물질로부터 생기는 특정 유해성: 자료없음
화재진압시 착용할 보호구 및 예방조치: 자료없음",1.000000,1.000000,True
run-1,007445,9,"외관: 자료없음
성상: 액체   |   ※출처 : lookchem
색상: 무색~노란색   |   ※출처 : lookchem
냄새: 자료없음
냄새역치: 자료없음
pH: 자료없음
녹는점/어는점: 1 ℃|   ※출처 : lookchem
초기 끓는점과 끓는점 범위: 100 ℃|   ※출처 : lookchem
인화점: 자료없음
증발속도: 자료없음
인화성(고체, 기체): 자료없음
인화 또는 폭발 범위의 상한/하한: - / -
증기압: 자료없음
용해도: 자료없음
증기밀도: 자료없음
비중: (1.11 g/mL at 25 캜) |   ※출처 : lookchem
n-옥탄올/물분배계수 (Kow): 자료없음
자연발화온도: 자료없음
분해온도: 자료없음
점도: 자료없음
분자량: 184.2123","외관: 자료없음
성상: 액체   |   ※출처 : lookch무
색상: 무색~노란색   |   ※출처 : lookch무
냄새: 자료없음
냄새역치: 자료없음
pH: 자료없음
녹는점/어는점: 1 ℃|   ※출처 : lookch무
초기 끓는점과 끓는점 범위: 100 ℃|   ※출처 : lookch무
인화점: 자료없음
증발속도: 자료없음
인화성(고체, 기체): 자료없음
인화 또는 폭발 범위의 상한/하한: - / -
증기압: 자료없음
용해도: 자료없음
증기밀도: 자료없음
비중: (1.11 g/mL at 25 캜) |   ※출처 : lookch무
n-옥탄올/물분배계수 (Kow): 자료없음
자연발화온도: 자료없음
분해온도: 자료없음
점도: 자료없음
분자량: 184.2123",0.973545,0.942485,False
run-1,040149,3,"물질명: 점성이 있는 고분자물질(석유계)
CAS 번호: 64741-71-5
함유량(%): 100%","물질명: 점성이 있는 고분자물질(석유계)
CAS 번호: 64741-71-5
함유량(%): 100%",1.000000,1.000000,True
run-1,039467,15,"산업안전보건법에 의한 규제: 금지물질 |관리대상유해물질
화학물질관리법에 의한 규제: 금지물질 |인체급성유해성물질 |생태유해성물질
화학물질의 등록 및 평가 등에 관한 법률 규제: 기존화학물질 |인체급성유해성물질 |생태유해성물질 |금지물질
위험물안전관리법에 의한 규제: 해당없음
폐기물관리법에 의한 규제: 지정폐기물
국내규제: 해당없음
기타 국내 규제: 해당없음
미국관리정보(OSHA 규정): 해당없음
미국관리정보(CERCLA 규정): 해당없음
미국관리정보(EPCRA 302 규정): 해당없음
미국관리정보(EPCRA 304 규정): 해당없음
미국관리정보(EPCRA 313 규정): 해당없음
미국관리정보(로테르담협약물질): 해당없음
미국관리정보(스톡홀름협약물질): 해당없음
미국관리정보(몬트리올의정서물질): 해당없음
EU 분류정보(확정분류결과): 해당없음
EU 분류정보(위험문구): 해당없음
EU 분류정보(안전문구): 해당없음","산업안전보건법에 의한 규제: 금지물질 |관리대상유해물질
화학물질관리법에 의한 규제: 금지물질 |인체급성유해성물질 |생태유해성물질
화학물질의 등록 및 평가 등에 관한 법률 규제: 기존화학물질 |인체급성유해성물질 |생태유해성물질 |금지물질
위험물안전관리법에 의한 규제: 해당없음
폐기물관리법에 의한 규제: 지정폐기물
국내규제: 해당없음
기타 국내 규제: 해당없음
미국관리정보(OSHA 규정): 해당없음
미국관리정보(CERCLA 규정): 해당없음
미국관리정보(EPCRA 302 규정): 해당없음
미국관리정보(EPCRA 304 규정): 해당없음
미국관리정보(EPCRA 313 규정): 해당없음
미국관리정보(로테르담협약물질): 해당없음
미국관리정보(스톡홀름협약물질): 해당없음
미국관리정보(몬트리올의정서물질): 해당없음
EU 분류정보(확정분류결과): 해당없음
EU 분류정보(위험문구): 해당없음
EU 분류정보(안전문구): 해당없음",1.000000,1.000000,True
run-1,043905,5,"적절한(부적절한) 소화제: 자료없음
화학물질로부터 생기는 특정 유해성: 자료없음
화재진압시 착용할 보호구 및 예방조치: 자료없음","적절한(부적절한) 소화제: 자료없음
화학물질로부터 생기는 특정 유해성: 자료없음
화재진압시 착용할 보호구 및 예방조치: 자료없음",1.000000,1.000000,True
run-1,013458,15,"산업안전보건법에 의한 규제: 해당없음
화학물질관리법에 의한 규제: 해당없음
화학물질의 등록 및 평가 등에 관한 법률 규제: 기존화학물질
위험물안전관리법에 의한 규제: 해당없음
폐기물관리법에 의한 규제: 지정폐기물
국내규제: 해당없음
기타 국내 규제: 해당없음
미국관리정보(OSHA 규정): 해당없음
미국관리정보(CERCLA 규정): 해당없음
미국관리정보(EPCRA 302 규정): 해당없음
미국관리정보(EPCRA 304 규정): 해당없음
미국관리정보(EPCRA 313 규정): 해당없음
미국관리정보(로테르담협약물질): 해당없음
미국관리정보(스톡홀름협약물질): 해당없음
미국관리정보(몬트리올의정서물질): 해당없음
EU 분류정보(확정분류결과): 해당없음
EU 분류정보(위험문구): 해당없음
EU 분류정보(안전문구): 해당없음","산업안전보건법에 의한 규제: 해당없음
화학물질관리법에 의한 규제: 해당없음
화학물질의 등록 및 평가 등에 관한 법률 규제: 기존화학물질
위험물안전관리법에 의한 규제: 해당없음
폐기물관리법에 의한 규제: 지정폐기물
국내규제: 해당없음
기타 국내 규제: 해당없음
미국관리정보(OSHA 규정): 해당없음
미국관리정보(CERCLA 규정): 해당없음
미국관리정보(EPCRA 302 규정): 해당없음
미국관리정보(EPCRA 304 규정): 해당없음
미국관리정보(EPCRA 313 규정): 해당없음
미국관리정보(로테르담협약물질): 해당없음
미국관리정보(스톡홀름협약물질): 해당없음
미국관리정보(몬트리올의정서물질): 해당없음
EU 분류정보(확정분류결과): 해당없음
EU 분류정보(위험문구): 해당없음
EU 분류정보(안전문구): 해당없음",1.000000,1.000000,True
run-1,026400,15,,,1.000000,1.000000,True
run-1,007057,8,"국내규정: |자료없음
ACGIH 규정: 자료없음
생물학적 노출기준: 자료없음
기타 노출기준: 자료없음
적절한 공학적 관리: |공정격리, 국소배기를 사용하거나 공기수준을 노출기준 이하로 유지하시오
호흡기 보호: |노출되는 기체/액체의 물리화학적 특성에 맞는 산업안전보건공단의 인증을 필한 호흡용 보호구를 착용하시오|기체/액체 물질의 경우 다음과 같은 호흡기 보호구가 권고됨 
-격리식 전면형 방독마스크(유기화합물용(산성가스인 경우 산성가스용)) 또는 격리식 반면형 방독마스크(유기화합물용(산성가스인 경우 산성가스용)) 또는 직결식 전면형 방독 마스크(유기화합물용(산성가스인 경우 산성가스용)) 또는 반면형 방독 마스크(유기화합물용(산성가스인 경우 산성가스용)) 또는 전동식 방독마스크|산소가 부족한 경우(&amp;lt;19.5%), 송기마스크 혹은 자급식공기호흡기를 착용하시오
눈 보호: |눈의 자극을 일으키거나 기타 건강상의 장해를 일으키는 증기상태의 유기물질로부터 눈을 보호하기 위해서는 보안경 혹은 통기성 보안경을 착용하시오||근로자가 접근이 용이한 위치에 긴급세척시설(샤워식) 및 세안설비를 설치하시오
손 보호: |화학물질의 물리적 및 화학적 특성을 고려하여 적절한 재질의 보호장갑을 착용하시오
신체 보호: |화학물질의 물리적 및 화학적 특성을 고려하여 적절한 재질의 보호의복을 착용하시오","국내규정: |자료없음
ACGIH 규정: 자료없음
생물학적 노출기준: 자료없음
기타 노출기준: 자료없음
적절한 공학적 관리: |공정격리, 국소배기를 사용하거나 공기수준을 노출기준 이하로 유지하시오
호흡기 보호: |노출되는 기체/액체의 물리화학적 특성에 맞는 산업안전보건공단의 인증을 필한 호흡용 보호구를 착용하시오|기체/액체 물질의 경우 다음과 같은 호흡기 보호구가 권고됨 
-격리식 전면형 방독마스크(유기화합물용(산성가스인 경우 산성가스용)) 또는 격리식 반면형 방독마스크(유기화합물용(산성가스인 경우 산성가스용)) 또는 직결식 전면형 방독 마스크(유기화합물용(산성가스인 경우 산성가스용)) 또는 반면형 방독 마스크(유기화합물용(산성가스인 경우 산성가스용)) 또는 전동식 방독마스크|산소가 부족한 경우(&amp;lt;19.5%), 송기마스크 혹은 자급식공기호흡기를 착용하시오
눈 보호: |눈의 자극을 일으키거나 기타 건강상의 장해를 일으키는 증기상태의 유기물질로부터 눈을 보호하기 위해서는 보안경 혹은 통기성 보안경을 착용하시오||근로자가 접근이 용이한 위치에 긴급세척시설(샤워식) 및 세안설비를 설치하시오
손 보호: |화학물질의 물리적 및 화학적 특성을 고려하여 적절한 재질의 보호장갑을 착용하시오
신체 보호: |화학물질의 물리적 및 화학적 특성을 고려하여 적절한 재질의 보호의복을 착용하시오",1.000000,1.000000,True
run-1,037930,7,"안전취급요령: 모든 안전 예방조치 문구를 읽고 이해하기 전에는 취급하지 마시오.|분진/흄/가스/미스트/증기/스프레이의 흡입을 피하시오.|취급 후에는…을(를)철저히 씻으시오.|이 제품을 사용할 때에는 먹거나,마시거나 흡연하지 마시오.|작업장 밖으로 오염된 의류를 반출하지 마시오.|압력을 가하거나, 자르거나, 용접, 납땜, 접합, 뚫기, 연마 또는 열에 폭로, 화염, 불꽃, 정전기 또는 다른 점화원에 폭로하지 마시오.|폭발하여 상해나 사망을 초래할 수 있음|환기가 잘 되는 지역에서만 사용하시오.|용기가 비워진 후에도 제품 찌꺼기가 남아 있을 수 있으므로 모든 MSDS/라벨 예방조치를 따르시오.|취급/저장에 주의하여 사용하시오.|개봉 전에 조심스럽게 마개를 여시오.|장기간 또는 지속적인 피부접촉을 막으시오.|적절한 환기가 없으면 저장지역에 출입하지 마시오. |피해야할 물질 및 조건에 유의하시오|고온에 주의하시오
안전한 저장방법: 열,고온의 표면,스파크,화염 및 그 밖의 점화원으로부터 멀리하시오.금연|의류 및 그 밖의 가연성 물질로부터 멀리하시오.|잠금장치를 하여 저장하시오.|빈 드럼통은 완전히 배수하고 적절히 막아 즉시 드럼 조절기에 되돌려 놓거나 적절히 배치하시오.|음식과 음료수로부터 멀리하시오.","안전취급요령: 모든 안전 예방조치 문구를 읽고 이해하기 전에는 취급하지 마시오.|분진/흄/가스/미스트/증기/스프레이의 흡입을 피하시오.|취급 후에는…을(를)철저히 씻으시오.|이 제품을 사용할 때에는 먹거나,마시거나 흡연하지 마시오.|작업장 밖으로 오염된 의류를 반출하지 마시오.|압력을 가하거나, 자르거나, 용접, 납땜, 접합, 뚫기, 연마 또는 열에 폭로, 화염, 불꽃, 정전기 또는 다른 점화원에 폭로하지 마시오.|폭발하여 상해나 사망을 초래할 수 있음|환기가 잘 되는 지역에서만 사용하시오.|용기가 비워진 후에도 제품 찌꺼기가 남아 있을 수 있으므로 모든 MSDS/라벨 예방조치를 따르시오.|취급/저장에 주의하여 사용하시오.|개봉 전에 조심스럽게 마개를 여시오.|장기간 또는 지속적인 피부접촉을 막으시오.|적절한 환기가 없으면 저장지역에 출입하지 마시오. |피해야할 물질 및 조건에 유의하시오|고온에 주의하시오
안전한 저장방법: 열,고온의 표면,스파크}⠧염 및 그 밖의 점화원으로부터 멀리하시오.금연|의류 및 그 밖의 가연성 물질로부터 멀리하시오.|잠금장치를 하여 저장하시오.|빈 드럼통은 완전히 배수하고 적절히 막아 즉시 드럼 조절기에 되돌려 놓거나 적절히 배치하시오.|음식과 음료수로부터 멀리하시오.",0.996774,0.992705,False
run-1,365226,6,"인체를 보호하기 위해 필요한 조치사항 및 보호구: 엎질러진 것을 즉시 닦아내고, 보호구 항의 예방조치를 따르시오.
환경을 보호하기 위해 필요한 조치사항: 환경으로 배출하지 마시오.|수로에 유입되지 않도록 하시오.
정화 또는 제거 방법: 누출물을 모으시오.|불활성 물질(예를 들어 건조한 모래 또는 흙)로 엎지른 것을 흡수하고, 화학폐기물 용기에 넣으시오.|액체를 흡수하고 오염된 지역을 세제와 물로 씻어 내시오.","인체를 보호하기 위해 필요한 조치사항 및 보호구: 어.질러진 것을 즉시 닦아내고, 보호구 항의 예방조치를 따르시오.
환경을 보호하기 위해 필요한 조치사항: 환경으로 배출하지 마시오.|수로에 유입되지 않도록 하시오.
정화 또는 제거 방법: 누출물을 모으시오.|불활성 물질(예를 들어 건조한 모래 또는 흙)로 어.지른 것을 흡수하고, 화학폐기물 용기에 넣으시오.|액체를 흡수하고 오염된 지역을 세제와 물로 씻어 내시오.",0.982759,0.967415,False
run-1,004628,9,"외관: 자료없음
성상: 고체, 결정체
색상: 흰색이거나 분홍색
냄새: 독특한 냄새
냄새역치: (없음)
pH: (해당 안됨)
녹는점/어는점: 48~50 ℃
초기 끓는점과 끓는점 범위: 231 ℃
인화점: &gt; 110 ℃
증발속도: 자료없음
인화성(고체, 기체): 자료없음
인화 또는 폭발 범위의 상한/하한: - / -
증기압: (해당 안됨)
용해도: 2300 ㎎/ℓ (at 20C (용매 가용성 : 가용성:아세톤,에탄올,클로로폼,메탄올))
증기밀도: (해당 안됨)
비중: 0.48  ((물=1))
n-옥탄올/물분배계수 (Kow): 3.09
자연발화온도: 자료없음
분해온도: 자료없음
점도: 자료없음
분자량: 142.59","외관: 자료없음
성상: 고체, 결정체
색상: 흰색이거나 분홍색
냄새: 독특한 냄새
냄새역치: (없음)
pH: (해당 안됨)
녹는점/어는점: 48~50 ℃
초기 끓는점과 끓는점 범위: 231 ℃
인화점: &gt; 110 ℃
증발속도: 자료없음
인화성(고체, 기체): 자료없음
인화 또는 폭발 범위의 상한/하한: - / -
증기압: (해당 안됨)
용해도: 2300 ㎎/ℓ (at 20C (용매 가용성 : 가용성:아세톤,에탄올,클로로폼,메탄올))
증기밀도: (해당 안됨)
비중: 0.48  ((물=1))
n-옥탄올/물분배계수 (Kow): 3.09
자연발화온도: 자료없음
분해온도: 자료없음
점도: 자료없음
분자량: 142.59",1.000000,1.000000,True
run-1,039019,15,,,1.000000,1.000000,True
run-1,004396,4,"눈에 들어갔을 때: 자료없음
피부에 접촉했을 때: 자료없음
흡입했을 때: 자료없음
먹었을 때: 자료없음
기타 의사의 주의사항: 자료없음","눈에 들어갔을 때: 자료없음
피부에 접촉했을 때: 자료없음
흡입했을 때: 자료없음
먹었을 때: 자료없음
기타 의사의 주의사항: 자료없음",1.000000,1.000000,True
run-1,042600,14,"유엔번호(UN No.): UN 운송위험물질 분류정보가 없음
적정선적명: 해당없음
운송에서의 위험성 등급: 해당없음
용기등급: 해당없음
해양오염물질: 자료없음
화재시 비상조치: 해당없음
유출시 비상조치: 해당없음","유엔번호(UN No.): UN 운송위험물질 분류정보가 없음
적정선적명: 해당없음
운송에서의 위험성 등급: 해당없음
용기등급: 해당없음
해양오염물질: 자료없음
화재시 비상조치: 해당없음
유출시 비상조치: 해당없음",1.000000,1.000000,True
run-1,014714,2,"유해성·위험성 분류: 자료없음
그림문자: 자료없음
신호어: 자료없음
유해·위험문구: 자료없음
예방: 자료없음
대응: 자료없음
저장: 자료없음
폐기: 자료없음
유해성·위험성 분류기준에 포함되지 않는 기타 유해성·위험성(예. 분진폭발 위험성): 자료없음","유해성·위험성 분류: 자료없음
그림문자: 자료없음
신호어: 자료없음
유해·위험문구: 자료없음
예방: 자료없음
대응: 자료없음
저장: 자료없음
폐기: 자료없음
유해성·위험성 분류기준에 포함되지 않는 기타 유해성·위험성(예. 분진폭발 위험성): 자료없음",1.000000,1.000000,True
run-1,034566,8,"국내규정: |자료없음
ACGIH 규정: 자료없음
생물학적 노출기준: 자료없음
기타 노출기준: 자료없음
적절한 공학적 관리: 자료없음
호흡기 보호: |노출되는 물질의 물리화학적 특성에 맞는 산업안전보건공단의 인증을 필한 호흡용 보호구를 착용 하시오|-안면부 여과식 방진마스크 또는 공기여과식 방진마스크(고효율미립자여과재)또는 전동팬 부착 방진마스크(분진, 미스트, 흄용 여과재)|기체/액체물질의 경우 다음과 같은 호흡기 보호구가 권고됨 
-격리식 전면형 방독마스크(유기화합물용(산성가스인 경우 산성가스용)) 또는 격리식 반면형 방독마스크(유기화합물용(산성가스인 경우 산성가스용)) 또는 직결식 전면형 방독 마스크(유기화합물용(산성가스인 경우 산성가스용)) 또는 반면형 방독 마스크(유기화합물용(산성가스인 경우 산성가스용)) 또는 전동식 방독마스크|산소가 부족한 경우(&amp;lt;19.6%), 송기마스크, 혹은 자급식 호흡보호구를 착용하시오
눈 보호: 자료없음
손 보호: 자료없음
신체 보호: 자료없음","국내규정: |자료없음
ACGIH 규정: 자료없음
생물학적 노출기준: 자료없음
기타 노출기준: 자료없음
적절한 공학적 관리: 자료없음
호흡기 보호: |노출되는 물질의 물리화학적 특성에 맞는 산업안전보건공단의 인증을 필한 호흡용 보호구를 착용 하시오|-안면부 여과식 방진마스크 또는 공기여과식 방진마스크(고효율미립자여과재)또는 전동팬 부착 방진마스크(분진, 미스트, 흄용 여과재)|기체/액체물질의 경우 다음과 같은 호흡기 보호구가 권고됨 
-격리식 전면형 방독마스크(유기화합물용(산성가스인 경우 산성가스용)) 또는 격리식 반면형 방독마스크(유기화합물용(산성가스인 경우 산성가스용)) 또는 직결식 전면형 방독 마스크(유기화합물용(산성가스인 경우 산성가스용)) 또는 반면형 방독 마스크(유기화합물용(산성가스인 경우 산성가스용)) 또는 전동식 방독마스크|산소가 부족한 경우(&amp;lt;19.6%), 송기마스크, 혹은 자급식 호흡보호구를 착용하시오
눈 보호: 자료없음
손 보호: 자료없음
신체 보호: 자료없음",1.000000,1.000000,True
run-1,047156,3,"물질명: 액화석유가스,SWEETENED
이명(관용명): PETROLEUM GASES, LIQUEFIED
CAS 번호: 68476-86-8
함유량(%): 100%","물질명: 액화석유가스,SWEETENED
이명(관용명): PETROLEUM GASES, LIQUEFIED
CAS 번호: 68476-86-8
함유량(%): 100%",1.000000,1.000000,True
run-1,036880,5,"적절한(부적절한) 소화제: 자료없음
화학물질로부터 생기는 특정 유해성: 자료없음
화재진압시 착용할 보호구 및 예방조치: 자료없음","적절한(부적절한) 소화제: 자료없음
화학물질로부터 생기는 특정 유해성: 자료없음
화재진압시 착용할 보호구 및 예방조치: 자료없음",1.000000,1.000000,True
run-1,030055,3,"물질명: Fatty acids, tall oil polymers with ethylenediamine, linoleic acid dimer, pentaerythritol, phthalic anhydride and soybean oil -
CAS 번호: 68459-13-2
함유량(%): 100%","물질명: Fatty aci퍼, tall oil polymers with ethylenediamine, linoleic acid d두매, pentaerythritol, pht{⠇ㄷㄴ an퇴패ㄷㅍㅁ and soybean oil -
CAS 번호: 68459-13-2
함유량(%): 100%",0.890244,0.835502,False
run-1,022454,13,"폐기방법: 자료없음
폐기시 주의사항: 자료없음","폐기방법: 자료없음
폐기시 주의사항: 자료없음",1.000000,1.000000,True
run-1,032547,2,"유해성·위험성 분류: 자료없음
그림문자: 자료없음
신호어: 자료없음
유해·위험문구: 자료없음
예방: 자료없음
대응: 자료없음
저장: 자료없음
폐기: 자료없음
유해성·위험성 분류기준에 포함되지 않는 기타 유해성·위험성(예. 분진폭발 위험성): 자료없음","유해성·위험성 분류: 자료없음
그림문자: 자료없음
신호어: 자료없음
유해·위험문구: 자료없음
예방: 자료없음
대응: 자료없음
저장: 자료없음
폐기: 자료없음
유해성·위험성 분류기준에 포함되지 않는 기타 유해성·위험성(예. 분진폭발 위험성): 자료없음",1.000000,1.000000,True
run-1,040408,14,"유엔번호(UN No.): UN 운송위험물질 분류정보가 없음
적정선적명: 해당없음
운송에서의 위험성 등급: 해당없음
용기등급: 해당없음
해양오염물질: 자료없음
화재시 비상조치: 해당없음
유출시 비상조치: 해당없음","유엔번호(UN No.): UN 운송위험물질 분류정보가 없음
적정선적명: 해당없음
운송에서의 위험성 등급: 해당없음
용기등급: 해당없음
해양오염물질: 자료없음
화재시 비상조치: 해당없음
유출시 비상조치: 해당없음",1.000000,1.000000,True
run-1,031733,6,"인체를 보호하기 위해 필요한 조치사항 및 보호구: 자료없음
환경을 보호하기 위해 필요한 조치사항: 자료없음
정화 또는 제거 방법: 자료없음","인체를 보호하기 위해 필요한 조치사항 및 보호구: 자료없음
환경을 보호하기 위해 필요한 조치사항: 자료없음
정화 또는 제거 방법: 자료없음",1.000000,1.000000,True
run-1,025692,2,"유해성·위험성 분류: 급성 독성(경구) : 구분3|급성 독성(흡입: 분진/미스트) : 구분4|특정표적장기 독성(반복 노출) : 구분2|급성 수생환경 유해성 : 구분1|만성 수생환경 유해성 : 구분1
그림문자: GHS06.gif|GHS08.gif|GHS09.gif
신호어: 위험
유해·위험문구: H301 : 삼키면 유독함|H332 : 흡입하면 유해함|H373 : 장기간 또는 반복노출 되면 장기(영향을 받는 것으로 알려진 모든 장기를 명시한다.)에 손상을 일으킬 수 있음(특정표적장기독성(반복노출)을 일으키는 노출 경로를 기재. 단, 다른 노출경로에 의해 특정표적장기독성(반복노출)을 일으키지 않는다는 결정적인 증거가 있는 경우에 한한다.)|H400 : 수생생물에 매우 유독함|H410 : 장기적인 영향에 의해 수생생물에게 매우 유독함
예방: P260 : 분진/흄/가스/미스트/증기/스프레이를(을)흡입하지 마시오.|P261 : 분진/흄/가스/미스트/증기/스프레이의 흡입을 피하시오.|P264 : 취급 후에는…을(를)철저히 씻으시오.|P270 : 이 제품을 사용할 때에는 먹거나,마시거나 흡연하지 마시오.|P271 : 옥외 또는 환기가 잘 되는 곳에서만 취급하시오.|P273 : 환경으로 배출하지 마시오.
대응: P301+P310 : 삼켰다면:즉시 의료기관/의사/…의 진찰을 받으시오.|P304+P340 : 흡입하면:신선한 공기가 있는 곳으로 옮기고 호흡하기 쉬운 자세로 안정을 취하시오.|P312 : 불편함을 느끼면 의료기관/의사/…의 진찰을 받으시오.|P314 : 불편함을 느끼면 의학적인 조치/조언을 받으시오.|P321 : …처치를 하시오.|P330 : 입을 씻어내시오.|P391 : 누출물을 모으시오.
저장: P405 : 잠금장치를 하여 저장하시오.
폐기: P501 : 폐기물 관련 법령에 따라 내용물/용기를 폐기하시오
유해성·위험성 분류기준에 포함되지 않는 기타 유해성·위험성(예. 분진폭발 위험성): 자료없음","유해성·위험성 분류: 급성 독성(경구) : 구분3|급성 독성(흡입: 분진/미스트) : 구분4|특정표적장기 독성(반복 노출) : 구분2|급성 수생환경 유해성 : 구분1|만성 수생환경 유해성 : 구분1
그림문자: GHS06.gif|GHS08.gif|GHS09.gif
신호어: 위험
유해·위험문구: H301 : 삼키면 유독함|H332 : 흡입하면 유해함|H373 : 장기간 또는 반복노출 되면 장기(영향을 받는 것으로 알려진 모든 장기를 명시한다.)에 손상을 일으킬 수 있음(특정표적장기독성(반복노출)을 일으키는 노출 경로를 기재. 단, 다른 노출경로에 의해 특정표적장기독성(반복노출)을 일으키지 않는다는 결정적인 증거가 있는 경우에 한한다.)|H400 : 수생생물에 매우 유독함|H410 : 장기적인 영향에 의해 수생생물에게 매우 유독함
예방: P260 : 분진/흄/가스/미스트/증기/스프레이를(을)흡입하지 마시오.|P261 : 분진/흄/가스/미스트/증기/스프레이의 흡입을 피하시오.|P264 : 취급 후에는…을(를)철저히 씻으시오.|P270 : 이 제품을 사용할 때에는 먹거나,마시거나 흡연하지 마시오.|P271 : 옥외 또는 환기가 잘 되는 곳에서만 취급하시오.|P273 : 환경으로 배출하지 마시오.
대응: P301+P310 : 삼켰다면:즉시 의료기관/의사/…의 진찰을 받으시오.|P304+P340 : 흡입하면:신선한 공기가 있는 곳으로 옮기고 호흡하기 쉬운 자세로 안정을 취하시오.|P312 : 불편함을 느끼면 의료기관/의사/…의 진찰을 받으시오.|P314 : 불편함을 느끼면 의학적인 조치/조언을 받으시오.|P321 : …처치를 하시오.|P330 : 입을 씻어내시오.|P391 : 누출물을 모으시오.
저장: P405 : 잠금장치를 하여 저장하시오.
폐기: P501 : 폐기물 관련 법령에 따라 내용물/용기를 폐기하시오
유해성·위험성 분류기준에 포함되지 않는 기타 유해성·위험성(예. 분진폭발 위험성): 자료없음",1.000000,1.000000,True
run-1,021462,8,"국내규정: |자료없음
ACGIH 규정: 자료없음
생물학적 노출기준: 자료없음
기타 노출기준: 자료없음
적절한 공학적 관리: 자료없음
호흡기 보호: |노출되는 물질의 물리화학적 특성에 맞는 산업안전보건공단의 인증을 필한 호흡용 보호구를 착용 하시오|-안면부 여과식 방진마스크 또는 공기여과식 방진마스크(고효율미립자여과재)또는 전동팬 부착 방진마스크(분진, 미스트, 흄용 여과재)|기체/액체물질의 경우 다음과 같은 호흡기 보호구가 권고됨 
-격리식 전면형 방독마스크(유기화합물용(산성가스인 경우 산성가스용)) 또는 격리식 반면형 방독마스크(유기화합물용(산성가스인 경우 산성가스용)) 또는 직결식 전면형 방독 마스크(유기화합물용(산성가스인 경우 산성가스용)) 또는 반면형 방독 마스크(유기화합물용(산성가스인 경우 산성가스용)) 또는 전동식 방독마스크|산소가 부족한 경우(&amp;lt;19.6%), 송기마스크, 혹은 자급식 호흡보호구를 착용하시오
눈 보호: 자료없음
손 보호: 자료없음
신체 보호: 자료없음","국내규정: |자료없음
ACGIH 규정: 자료없음
생물학적 노출기준: 자료없음
기타 노출기준: 자료없음
적절한 공학적 관리: 자료없음
호흡기 보호: |노출되는 물질의 물리화학적 특성에 맞는 산업안전보건공단의 인증을 필한 호흡용 보호구를 착용 하시오|-안면부 여과식 방진마스크 또는 공기여과식 방진마스크(고효율미립자여과재)또는 전동팬 부착 방진마스크(분진, 미스트, 흄용 여과재)|기체/액체물질의 경우 다음과 같은 호흡기 보호구가 권고됨 
-격리식 전면형 방독마스크(유기화합물용(산성가스인 경우 산성가스용)) 또는 격리식 반면형 방독마스크(유기화합물용(산성가스인 경우 산성가스용)) 또는 직결식 전면형 방독 마스크(유기화합물용(산성가스인 경우 산성가스용)) 또는 반면형 방독 마스크(유기화합물용(산성가스인 경우 산성가스용)) 또는 전동식 방독마스크|산소가 부족한 경우(&amp;lt;19.6%), 송기마스크, 혹은 자급식 호흡보호구를 착용하시오
눈 보호: 자료없음
손 보호: 자료없음
신체 보호: 자료없음",1.000000,1.000000,True
run-1,017899,6,"인체를 보호하기 위해 필요한 조치사항 및 보호구: 자료없음
환경을 보호하기 위해 필요한 조치사항: 자료없음
정화 또는 제거 방법: 자료없음","인체를 보호하기 위해 필요한 조치사항 및 보호구: 자료없음
환경을 보호하기 위해 필요한 조치사항: 자료없음
정화 또는 제거 방법: 자료없음",1.000000,1.000000,True
run-1,012843,10,"화학적 안정성 및 유해 반응의 가능성: 고인화성 액체 및 증기|격렬하게 중합반응하여 화재와 폭발을 일으킬 수 있음|인화점이나 그 이상에서 폭발성 혼합물을 형성할 수 있음|가열시 용기가 폭발할 수 있음|고인화성: 열, 스파크, 화염에 의해 쉽게 점화됨|누출물은 화재/폭발 위험이 있음|실내, 실외, 하수구에서 증기 폭발 위험이 있음|증기는 공기와 폭발성 혼합물을 형성할 수 있음|증기는 자각 없이 현기증 또는 질식을 유발할 수 있음|화재시 자극성, 부식성, 독성 가스를 발생할 수 있음|흡입 및 접촉 시 피부와 눈을 자극하거나 화상을 입힘
피해야 할 조건: 열·스파크·화염·고열로부터 멀리하시오 - 금연
피해야 할 물질: 자료없음
분해시 생성되는 유해물질: 타는 동안 열분해 또는 연소에 의해 자극적이고 매우 유독한 가스가 발생될 수 있음","화학적 안정성 및 유해 반응의 가능성: 고인화성 액체 및 증기|격렬하게 중합반응하여 화재와 폭발을 일으킬 수 있음|인화점이나 그 이상에서 폭발성 혼합물을 형성할 수 있음|가열시 용기가 폭발할 수 있음|고인화성: 열, 스파크, 화염에 의해 쉽게 점화됨|누출물은 화재/폭발 위험이 있음|실내, 실외, 하수구에서 증기 폭발 위험이 있음|증기는 공기와 폭발성 혼합물을 형성할 수 있음|증기는 자각 없이 현기증 또는 질식을 유발할 수 있음|화재시 자극성, 부식성, 독성 가스를 발생할 수 있음|흡입 및 접촉 시 피부와 눈을 자극하거나 화상을 입힘
피해야 할 조건: 열·스파크·화염·고열로부터 멀리하시오 - 금연
피해야 할 물질: 자료없음
분해시 생성되는 유해물질: 타는 동안 열분해 또는 연소에 의해 자극적이고 매우 유독한 가스가 발생될 수 있음",1.000000,1.000000,True
run-1,049583,12,"어류: 자료없음
갑각류: 자료없음
조류: 자료없음
잔류성: 자료없음
분해성: 자료없음
농축성: 자료없음
생분해성: 자료없음
토양이동성: 자료없음
기타 유해 영향: 자료없음","어류: 자료없음
갑각류: 자료없음
조류: 자료없음
잔류성: 자료없음
분해성: 자료없음
농축성: 자료없음
생분해성: 자료없음
토양이동성: 자료없음
기타 유해 영향: 자료없음",1.000000,1.000000,True
run-1,017600,15,"산업안전보건법에 의한 규제: 해당없음
화학물질관리법에 의한 규제: 해당없음
화학물질의 등록 및 평가 등에 관한 법률 규제: 기존화학물질
위험물안전관리법에 의한 규제: 해당없음
폐기물관리법에 의한 규제: 해당없음
국내규제: 해당없음
기타 국내 규제: 해당없음
미국관리정보(OSHA 규정): 해당없음
미국관리정보(CERCLA 규정): 해당없음
미국관리정보(EPCRA 302 규정): 해당없음
미국관리정보(EPCRA 304 규정): 해당없음
미국관리정보(EPCRA 313 규정): 해당없음
미국관리정보(로테르담협약물질): 해당없음
미국관리정보(스톡홀름협약물질): 해당없음
미국관리정보(몬트리올의정서물질): 해당없음
EU 분류정보(확정분류결과): 해당없음
EU 분류정보(위험문구): 해당없음
EU 분류정보(안전문구): 해당없음","산업안전보건법에 의한 규제: 해당없음
화학물질관리법에 의한 규제: 해당없음
화학물질의 등록 및 평가 등에 관한 법률 규제: 기존화학물질
위험물안전관리법에 의한 규제: 해당없음
폐기물관리법에 의한 규제: 해당없음
국내규제: 해당없음
기타 국내 규제: 해당없음
미국관리정보(OSHA 규정): 해당없음
미국관리정보(CERCLA 규정): 해당없음
미국관리정보(EPCRA 302 규정): 해당없음
미국관리정보(EPCRA 304 규정): 해당없음
미국관리정보(EPCRA 313 규정): 해당없음
미국관리정보(로테르담협약물질): 해당없음
미국관리정보(스톡홀름협약물질): 해당없음
미국관리정보(몬트리올의정서물질): 해당없음
EU 분류정보(확정분류결과): 해당없음
EU 분류정보(위험문구): 해당없음
EU 분류정보(안전문구): 해당없음",1.000000,1.000000,True
run-1,005971,14,"유엔번호(UN No.): UN 운송위험물질 분류정보가 없음
적정선적명: 3-[2-(아세틸옥시)-5-(1,1,3,3,-테트라메틸부틸)페닐]-5-(1,1,3,3,-테트라메틸부틸)-2(3H)-벤조퓨라논 (CAS No. 216698-07-6)
운송에서의 위험성 등급: 해당없음
용기등급: 해당없음
해양오염물질: 자료없음
화재시 비상조치: 해당없음
유출시 비상조치: 해당없음","유엔번호(UN No.): UN 운송위험물질 분류정보가 없음
적정선적명: 3-[2-(아세틸옥시)-5-(1,1,3,3,-테트라메틸부틸)페닐]-5-(1,1,3,3,-테트라메틸부틸)-2(3H)-벤조퓨라논 (CAS No. 216698-07-6)
운송에서의 위험성 등급: 해당없음
용기등급: 해당없음
해양오염물질: 자료없음
화재시 비상조치: 해당없음
유출시 비상조치: 해당없음",1.000000,1.000000,True
run-1,039678,14,"유엔번호(UN No.): UN 운송위험물질 분류정보가 없음
적정선적명: 해당없음
운송에서의 위험성 등급: 해당없음
용기등급: 해당없음
해양오염물질: 자료없음
화재시 비상조치: 해당없음
유출시 비상조치: 해당없음","유엔번호(UN No.): UN 운송위험물질 분류정보가 없음
적정선적명: 해당없음
운송에서의 위험성 등급: 해당없음
용기등급: 해당없음
해양오염물질: 자료없음
화재시 비상조치: 해당없음
유출시 비상조치: 해당없음",1.000000,1.000000,True
run-1,021495,2,"유해성·위험성 분류: 피부 부식성/피부 자극성 : 구분2|심한 눈 손상성/눈 자극성 : 구분2|급성 수생환경 유해성 : 구분1
그림문자: GHS07.gif|GHS09.gif
신호어: 경고
유해·위험문구: H315 : 피부에 자극을 일으킴|H319 : 눈에 심한 자극을 일으킴|H400 : 수생생물에 매우 유독함
예방: P264 : 취급 후에는…을(를)철저히 씻으시오.|P273 : 환경으로 배출하지 마시오.|P280 : 보호장갑/보호의/보안경/안면보호구를(을)착용하시오.
대응: P302+P352 : 피부에 묻으면:다량의 물/…(으)로 씻으시오.|P305+P351+P338 : 눈에 묻으면:몇 분간 물로 조심해서 씻으시오.가능하면 콘택트렌즈를 제거하시오.계속 씻으시오.|P321 : …처치를 하시오.|P332+P313 : 피부 자극이 나타나면:의학적인 조치/조언을 받으시오.|P337+P313 : 눈에 자극이 지속되면:의학적인 조치/조언을 받으시오.|P362+P364 : 오염된 의류를 벗고 다시 사용 전 세척하시오.|P391 : 누출물을 모으시오.
저장: 자료없음
폐기: P501 : 폐기물 관련 법령에 따라 내용물/용기를 폐기하시오
유해성·위험성 분류기준에 포함되지 않는 기타 유해성·위험성(예. 분진폭발 위험성): 자료없음","유해성·위험성 분류: 피부 부식성/피부 자극성 : 구분2|심한 눈 손상성/눈 자극성 : 구분2|급성 수생환경 유해성 : 구분1
그림문자: GHS07.gif|GHS09.gif
신호어: 경고
유해·위험문구: H315 : 피부에 자극을 일으킴|H319 : 눈에 심한 자극을 일으킴|H400 : 수생생물에 매우 유독함
예방: P264 : 취급 후에는…을(를)철저히 씻으시오.|P273 : 환경으로 배출하지 마시오.|P280 : 보호장갑/보호의/보안경/안면보호구를(을)착용하시오.
대응: P302+P352 : 피부에 묻으면:다량의 물/…(으)로 씻으시오.|P305+P351+P338 : 눈에 묻으면:몇 분간 물로 조심해서 씻으시오.가능하면 콘택트렌즈를 제거하시오.계속 씻으시오.|P321 : …처치를 하시오.|P332+P313 : 피부 자극이 나타나면:의학적인 조치/조언을 받으시오.|P337+P313 : 눈에 자극이 지속되면:의학적인 조치/조언을 받으시오.|P362+P364 : 오염된 의류를 벗고 다시 사용 전 세척하시오.|P391 : 누출물을 모으시오.
저장: 자료없음
폐기: P501 : 폐기물 관련 법령에 따라 내용물/용기를 폐기하시오
유해성·위험성 분류기준에 포함되지 않는 기타 유해성·위험성(예. 분진폭발 위험성): 자료없음",1.000000,1.000000,True
run-1,036452,12,"어류: 자료없음
갑각류: 자료없음
조류: 자료없음
잔류성: 자료없음
분해성: 자료없음
농축성: 자료없음
생분해성: 자료없음
토양이동성: 자료없음
기타 유해 영향: 자료없음","어류: 자료없음
갑각류: 자료없음
조류: 자료없음
잔류성: 자료없음
분해성: 자료없음
농축성: 자료없음
생분해성: 자료없음
토양이동성: 자료없음
기타 유해 영향: 자료없음",1.000000,1.000000,True
run-1,034481,7,"안전취급요령: 자료없음
안전한 저장방법: 자료없음","안전취급요령: 자료없음
안전한 저장방법: 자료없음",1.000000,1.000000,True
run-1,024469,8,"국내규정: |자료없음
ACGIH 규정: 자료없음
생물학적 노출기준: 자료없음
기타 노출기준: 자료없음
적절한 공학적 관리: 자료없음
호흡기 보호: |노출되는 물질의 물리화학적 특성에 맞는 산업안전보건공단의 인증을 필한 호흡용 보호구를 착용 하시오|-안면부 여과식 방진마스크 또는 공기여과식 방진마스크(고효율미립자여과재)또는 전동팬 부착 방진마스크(분진, 미스트, 흄용 여과재)|기체/액체물질의 경우 다음과 같은 호흡기 보호구가 권고됨 
-격리식 전면형 방독마스크(유기화합물용(산성가스인 경우 산성가스용)) 또는 격리식 반면형 방독마스크(유기화합물용(산성가스인 경우 산성가스용)) 또는 직결식 전면형 방독 마스크(유기화합물용(산성가스인 경우 산성가스용)) 또는 반면형 방독 마스크(유기화합물용(산성가스인 경우 산성가스용)) 또는 전동식 방독마스크|산소가 부족한 경우(&amp;lt;19.6%), 송기마스크, 혹은 자급식 호흡보호구를 착용하시오
눈 보호: 자료없음
손 보호: 자료없음
신체 보호: 자료없음","국내규정: |자료없음
ACGIH 규정: 자료없음
생물학적 노출기준: 자료없음
기타 노출기준: 자료없음
적절한 공학적 관리: 자료없음
호흡기 보호: |노출되는 물질의 물리화학적 특성에 맞는 산업안전보건공단의 인증을 필한 호흡용 보호구를 착용 하시오|-안면부 여과식 방진마스크 또는 공기여과식 방진마스크(고효율미립자여과재)또는 전동팬 부착 방진마스크(분진, 미스트, 흄용 여과재)|기체/액체물질의 경우 다음과 같은 호흡기 보호구가 권고됨 
-격리식 전면형 방독마스크(유기화합물용(산성가스인 경우 산성가스용)) 또는 격리식 반면형 방독마스크(유기화합물용(산성가스인 경우 산성가스용)) 또는 직결식 전면형 방독 마스크(유기화합물용(산성가스인 경우 산성가스용)) 또는 반면형 방독 마스크(유기화합물용(산성가스인 경우 산성가스용)) 또는 전동식 방독마스크|산소가 부족한 경우(&amp;lt;19.6%), 송기마스크, 혹은 자급식 호흡보호구를 착용하시오
눈 보호: 자료없음
손 보호: 자료없음
신체 보호: 자료없음",1.000000,1.000000,True
run-1,428357,6,"인체를 보호하기 위해 필요한 조치사항 및 보호구: 모든 점화원을 제거하시오|위험하지 않다면 누출을 멈추시오|피해야할 물질 및 조건에 유의하시오|오염지역을 환기하시오|노출물을 만지거나 걸어다니지 마시오|분진 형성을 방지하시오|적정한 공기(산소 농도 18~23.5%)가 확보될 때까지 공기호흡기 또는 송기마스크 등 적절한 보호구가 없는 상태에서 해당 공간으로 진입하지 마시오.
환경을 보호하기 위해 필요한 조치사항: 수로, 하수구, 지하실, 밀폐공간으로의 유입을 방지하시오
정화 또는 제거 방법: 소량 누출시 다량의 물로 오염지역을 씻어내시오|소량 누출시 모래, 비가연성 물질로 흡수하고 용기에 담으시오|다량 누출시 액체 누출물 멀리 도랑을 만드시오|청결한 삽으로 누출물을 깨끗하고 건조한 용기에 담고 느슨하게 닫은 뒤 용기를 누출지역으로부터 옮기시오|분말 누출시 플라스틱 시트로 덮어 확산을 막고 건조한 상태로 유지하시오","인체를 보호하기 위해 필요한 조치사항 및 보호구: 모든 점화원을 제거하시오|위험하지 않다면 누출을 멈추시오|피해야할 물질 및 조건에 유의하시오|오염지역을 환기하시오|노출물을 만지거나 걸어다니지 마시오|분진 형성을 방지하시오|적정한 공기(산소 농도 18~23.5%)가 확보될 때까지 공기호흡기 또는 송기마스크 등 적절한 보호구가 없는 상태에서 해당 공간으로 진입하지 마시오.
환경을 보호하기 위해 필요한 조치사항: 수로, 하수구, 지하실, 밀폐공간으로의 유입을 방지하시오
정화 또는 제거 방법: 소량 누출시 다량의 물로 오염지역을 씻어내시오|소량 누출시 모래, 비가연성 물질로 흡수하고 용기에 담으시오|다량 누출시 액체 누출물 멀리 도랑을 만드시오|청결한 삽으로 누출물을 깨끗하고 건조한 용기에 담고 느슨하게 닫은 뒤 용기를 누출지역으로부터 옮기시오|분말 누출시 플라스틱 시트로 더.어 확산을 막고 건조한 상태로 유지하시오",0.995643,0.991866,False
run-1,031447,4,"눈에 들어갔을 때: 긴급 의료조치를 받으시오
피부에 접촉했을 때: 긴급 의료조치를 받으시오|피부에 얼어붙은 옷은 제거하기전 해동하시오|화상의 경우 즉시 찬물로 가능한 오래 해당부위를 식히고, 피부에 들러붙은 옷은 제거하지 마시오|액화가스에 접촉한 경우 미지근한 물로 해당 부위를 녹이시오|가스 또는 액화 가스와 접촉 시 화상, 심각한 상해, 동상을 유발할 수 있음
흡입했을 때: 신선한 공기가 있는 곳으로 옮기시오|호흡하지 않는 경우 인공호흡을 실시하시오|호흡이 힘들 경우 산소를 공급하시오|따뜻하게 하고 안정되게 해주시오|노출되거나 노출이 우려되면 의학적인 조치·조언을 구하시오.
먹었을 때: 노출되거나 노출이 우려되면 의학적인 조치·조언을 구하시오.
기타 의사의 주의사항: 폭로시 의료진에게 연락하고 추적조사 등의 특별한 응급조치를 취하시오.|의료인력이 해당물질에 대해 인지하고 보호조치를 취하도록 하시오","눈에 들어갔을 때: 긴급 의료조치를 받으시오
피부에 접촉했을 때: 긴급 의료조치를 받으시오|피부에 얼어붙은 옷은 제거하기전 해동하시오|화상의 경우 즉시 찬물로 가능한 오래 해당부위를 식히고, 피부에 들러붙은 옷은 제거하지 마시오|액화가스에 접촉한 경우 미지근한 물로 해당 부위를 녹이시오|가스 또는 액화 가스와 접촉 시 화상, 심각한 상해, 동상을 유발할 수 있음
흡입했을 때: 신선한 공기가 있는 곳으로 옮기시오|호흡하지 않는 경우 인공호흡을 실시하시오|호흡이 힘들 경우 산소를 공급하시오|따뜻하게 하고 안정되게 해주시오|노출되거나 노출이 우려되면 의학적인 조치·조언을 구하시오.
먹었을 때: 노출되거나 노출이 우려되면 의학적인 조치·조언을 구하시오.
기타 의사의 주의사항: 폭로시 의료진에게 연락하고 추적조사 등의 특별한 응급조치를 취하시오.|의료인력이 해당물질에 대해 인지하고 보호조치를 취하도록 하시오",1.000000,1.000000,True
run-1,020651,16,"자료의 출처: 자료없음
최초작성일자: 자료없음
개정횟수: 자료없음
최종 개정일자: 자료없음
기타: 자료없음","자료의 출처: 자료없음
최초작성일자: 자료없음
개정횟수: 자료없음
최종 개정일자: 자료없음
기타: 자료없음",1.000000,1.000000,True
run-1,041942,3,"물질명: Sodium docosanoate
CAS 번호: 5331-77-1
함유량(%): 100%","물질명: Sodium ⠴피니⠎⠁⠝⠕⠁⠞ㅁ
CAS 번호: 5331-77-1
함유량(%): 100%",0.796296,0.739342,False
run-1,005363,2,"유해성·위험성 분류: 자료없음
그림문자: 자료없음
신호어: 자료없음
유해·위험문구: 자료없음
예방: 자료없음
대응: 자료없음
저장: 자료없음
폐기: 자료없음
유해성·위험성 분류기준에 포함되지 않는 기타 유해성·위험성(예. 분진폭발 위험성): 자료없음","유해성·위험성 분류: 자료없음
그림문자: 자료없음
신호어: 자료없음
유해·위험문구: 자료없음
예방: 자료없음
대응: 자료없음
저장: 자료없음
폐기: 자료없음
유해성·위험성 분류기준에 포함되지 않는 기타 유해성·위험성(예. 분진폭발 위험성): 자료없음",1.000000,1.000000,True
run-1,008502,6,"인체를 보호하기 위해 필요한 조치사항 및 보호구: 자료없음
환경을 보호하기 위해 필요한 조치사항: 자료없음
정화 또는 제거 방법: 자료없음","인체를 보호하기 위해 필요한 조치사항 및 보호구: 자료없음
환경을 보호하기 위해 필요한 조치사항: 자료없음
정화 또는 제거 방법: 자료없음",1.000000,1.000000,True
run-1,035583,8,"국내규정: |TWA : 2.5mg/m3(Fluorides, as F)
ACGIH 규정: TWA   2.5 ㎎/㎥※ (Fluorides, as F)
생물학적 노출기준: |3 mg/g creatinine (Prior to shift, Fluorides in urine), 10 mg/g creatinine (End of shift, Fluorides in urine)
기타 노출기준: 자료없음
적절한 공학적 관리: |공정격리, 국소배기를 사용하거나 공기수준을 노출기준 이하로 유지하시오
호흡기 보호: (Fluorides, as F)|노출되는 물질의 물리화학적 특성에 맞는 한국산업안전보건공단의 인증을 필한 호흡용 보호구를 착용하시오
눈 보호: 자료없음
손 보호: |화학물질의 물리적 및 화학적 특성을 고려하여 적절한 재질의 보호장갑을 착용하시오
신체 보호: |화학물질의 물리적 및 화학적 특성을 고려하여 적절한 재질의 보호의복을 착용하시오","국내규정: |TWA : 2.5mg/m3(Fluorid머, as F)
ACGIH 규정: TWA   2.5 ㎎/㎥※ (Fluorid머, as F)
생물학적 노출기준: |3 mg/g creat데데ㅁ (Prior to shift, Fluorid머 ⠴데 urine), 10 mg/g creat데데ㅁ (End of shift, Fluorid머 ⠴데 urine)
기타 노출기준: 자료없음
적절한 공학적 관리: |공정격리, 국소배기를 사용하거나 공기수준을 노출기준 이하로 유지하시오
호흡기 보호: (Fluorid머, as F)|노출되는 물질의 물리화학적 특성에 맞는 한국산업안전보건공단의 인증을 필한 호흡용 보호구를 착용하시오
눈 보호: 자료없음
손 보호: |화학물질의 물리적 및 화학적 특성을 고려하여 적절한 재질의 보호장갑을 착용하시오
신체 보호: |화학물질의 물리적 및 화학적 특성을 고려하여 적절한 재질의 보호의복을 착용하시오",0.948608,0.910497,False
run-1,029434,9,"외관: 자료없음
성상: 자료없음   |   ※출처 : 자료없음
색상: 자료없음
냄새: 자료없음
냄새역치: 자료없음
pH: 자료없음
녹는점/어는점: 자료없음
초기 끓는점과 끓는점 범위: 자료없음
인화점: 자료없음
증발속도: 자료없음
인화성(고체, 기체): 자료없음
인화 또는 폭발 범위의 상한/하한: 자료없음
증기압: 자료없음
용해도: 자료없음
증기밀도: 자료없음
비중: 자료없음
n-옥탄올/물분배계수 (Kow): 자료없음
자연발화온도: 자료없음
분해온도: 자료없음
점도: 자료없음
분자량: 자료없음","외관: 자료없음
성상: 자료없음   |   ※출처 : 자료없음
색상: 자료없음
냄새: 자료없음
냄새역치: 자료없음
pH: 자료없음
녹는점/어는점: 자료없음
초기 끓는점과 끓는점 범위: 자료없음
인화점: 자료없음
증발속도: 자료없음
인화성(고체, 기체): 자료없음
인화 또는 폭발 범위의 상한/하한: 자료없음
증기압: 자료없음
용해도: 자료없음
증기밀도: 자료없음
비중: 자료없음
n-옥탄올/물분배계수 (Kow): 자료없음
자연발화온도: 자료없음
분해온도: 자료없음
점도: 자료없음
분자량: 자료없음",1.000000,1.000000,True
run-1,011794,5,"적절한(부적절한) 소화제: 자료없음
화학물질로부터 생기는 특정 유해성: 자료없음
화재진압시 착용할 보호구 및 예방조치: 자료없음","적절한(부적절한) 소화제: 자료없음
화학물질로부터 생기는 특정 유해성: 자료없음
화재진압시 착용할 보호구 및 예방조치: 자료없음",1.000000,1.000000,True
run-1,024370,10,"화학적 안정성 및 유해 반응의 가능성: 자료없음
피해야 할 조건: 자료없음
피해야 할 물질: 자료없음
분해시 생성되는 유해물질: 자료없음","화학적 안정성 및 유해 반응의 가능성: 자료없음
피해야 할 조건: 자료없음
피해야 할 물질: 자료없음
분해시 생성되는 유해물질: 자료없음",1.000000,1.000000,True
run-1,010872,2,"유해성·위험성 분류: 심한 눈 손상성/눈 자극성 : 구분2
그림문자: GHS07.gif
신호어: 경고
유해·위험문구: H319 : 눈에 심한 자극을 일으킴
예방: P264 : 취급 후에는…을(를)철저히 씻으시오.|P280 : 보호장갑/보호의/보안경/안면보호구를(을)착용하시오.
대응: P305+P351+P338 : 눈에 묻으면:몇 분간 물로 조심해서 씻으시오.가능하면 콘택트렌즈를 제거하시오.계속 씻으시오.|P337+P313 : 눈에 자극이 지속되면:의학적인 조치/조언을 받으시오.
저장: 자료없음
폐기: 자료없음
유해성·위험성 분류기준에 포함되지 않는 기타 유해성·위험성(예. 분진폭발 위험성): 자료없음","유해성·위험성 분류: 심한 눈 손상성/눈 자극성 : 구분2
그림문자: GHS07.gif
신호어: 경고
유해·위험문구: H319 : 눈에 심한 자극을 일으킴
예방: P264 : 취급 후에는…을(를)철저히 씻으시오.|P280 : 보호장갑/보호의/보안경/안면보호구를(을)착용하시오.
대응: P305+P351+P338 : 눈에 묻으면:몇 분간 물로 조심해서 씻으시오.가능하면 콘택트렌즈를 제거하시오.계속 씻으시오.|P337+P313 : 눈에 자극이 지속되면:의학적인 조치/조언을 받으시오.
저장: 자료없음
폐기: 자료없음
유해성·위험성 분류기준에 포함되지 않는 기타 유해성·위험성(예. 분진폭발 위험성): 자료없음",1.000000,1.000000,True
run-1,034078,2,"유해성·위험성 분류: 자료없음
그림문자: 자료없음
신호어: 자료없음
유해·위험문구: 자료없음
예방: 자료없음
대응: 자료없음
저장: 자료없음
폐기: 자료없음
유해성·위험성 분류기준에 포함되지 않는 기타 유해성·위험성(예. 분진폭발 위험성): 자료없음","유해성·위험성 분류: 자료없음
그림문자: 자료없음
신호어: 자료없음
유해·위험문구: 자료없음
예방: 자료없음
대응: 자료없음
저장: 자료없음
폐기: 자료없음
유해성·위험성 분류기준에 포함되지 않는 기타 유해성·위험성(예. 분진폭발 위험성): 자료없음",1.000000,1.000000,True
run-1,029668,14,"유엔번호(UN No.): UN 운송위험물질 분류정보가 없음
적정선적명: 해당없음
운송에서의 위험성 등급: 해당없음
용기등급: 해당없음
해양오염물질: 자료없음
화재시 비상조치: 해당없음
유출시 비상조치: 해당없음","유엔번호(UN No.): UN 운송위험물질 분류정보가 없음
적정선적명: 해당없음
운송에서의 위험성 등급: 해당없음
용기등급: 해당없음
해양오염물질: 자료없음
화재시 비상조치: 해당없음
유출시 비상조치: 해당없음",1.000000,1.000000,True
run-1,002859,6,"인체를 보호하기 위해 필요한 조치사항 및 보호구: 모든 점화원을 제거하시오|위험하지 않다면 누출을 멈추시오|피해야할 물질 및 조건에 유의하시오|오염지역을 환기하시오|노출물을 만지거나 걸어다니지 마시오|분진 형성을 방지하시오
환경을 보호하기 위해 필요한 조치사항: 수로, 하수구, 지하실, 밀폐공간으로의 유입을 방지하시오
정화 또는 제거 방법: 소량 누출시 다량의 물로 오염지역을 씻어내시오|소량 누출시 모래, 비가연성 물질로 흡수하고 용기에 담으시오|다량 누출시 액체 누출물 멀리 도랑을 만드시오|청결한 삽으로 누출물을 깨끗하고 건조한 용기에 담고 느슨하게 닫은 뒤 용기를 누출지역으로부터 옮기시오|분말 누출시 플라스틱 시트로 덮어 확산을 막고 건조한 상태로 유지하시오","인체를 보호하기 위해 필요한 조치사항 및 보호구: 모든 점화원을 제거하시오|위험하지 않다면 누출을 멈추시오|피해야할 물질 및 조건에 유의하시오|오염지역을 환기하시오|노출물을 만지거나 걸어다니지 마시오|분진 형성을 방지하시오
환경을 보호하기 위해 필요한 조치사항: 수로, 하수구, 지하실, 밀폐공간으로의 유입을 방지하시오
정화 또는 제거 방법: 소량 누출시 다량의 물로 오염지역을 씻어내시오|소량 누출시 모래, 비가연성 물질로 흡수하고 용기에 담으시오|다량 누출시 액체 누출물 멀리 도랑을 만드시오|청결한 삽으로 누출물을 깨끗하고 건조한 용기에 담고 느슨하게 닫은 뒤 용기를 누출지역으로부터 옮기시오|분말 누출시 플라스틱 시트로 더.어 확산을 막고 건조한 상태로 유지하시오",0.994667,0.990024,False
run-1,045826,11,"가능성이 높은 노출 경로에 관한 정보: 자료없음
경구: 자료없음
경피: 자료없음
흡입: 자료없음
피부부식성 또는 자극성: 자료없음
심한 눈손상 또는 자극성: 자료없음
호흡기과민성: 자료없음
피부과민성: 자료없음
산업안전보건법: 자료없음
고용노동부고시: 자료없음
IARC: 자료없음
OSHA: 자료없음
ACGIH: 자료없음
NTP: 자료없음
EU CLP: 자료없음
환경부: 자료없음
NITE: 자료없음
생식세포변이원성: 자료없음
생식독성: 자료없음
특정 표적장기 독성 (1회 노출): 자료없음
특정 표적장기 독성 (반복 노출): 자료없음
흡인유해성: 자료없음
기타 유해성 영향: 자료없음","가능성이 노.은 노출 경로에 관한 정보: 자료없음
경구: 자료없음
경피: 자료없음
흡입: 자료없음
피부부식성 또는 자극성: 자료없음
심한 눈손상 또는 자극성: 자료없음
호흡기과민성: 자료없음
피부과민성: 자료없음
산업안전보건법: 자료없음
고용노동부고시: 자료없음
IARC: 자료없음
OSHA: 자료없음
ACGIH: 자료없음
NTP: 자료없음
EU CLP: 자료없음
환경부: 자료없음
NITE: 자료없음
생식세포변이원성: 자료없음
생식독성: 자료없음
특정 표적장기 독성 (1회 노출): 자료없음
특정 표적장기 독성 (반복 노출): 자료없음
흡인유해성: 자료없음
기타 유해성 영향: 자료없음",0.993902,0.988577,False
run-1,005675,1,"제품명: 1,2-O-아이소프로필리덴-D-크실로푸라노스(1,2-O-ISOPROPYLIDENE-D-XYLOFURANOSE)
제품의 권고 용도: 자료없음
제품의 사용상의 제한: 자료없음
회사명: 자료없음
주소: 자료없음
긴급전화번호: 자료없음","제품명: 1,2-O-아이소프로필리덴-D-크실로푸라노스(1,2-O-ISOPROPYLIDENE-D-XYLOFURANOSE)
제품의 권고 용도: 자료없음
제품의 사용상의 제한: 자료없음
회사명: 자료없음
주소: 자료없음
긴급전화번호: 자료없음",1.000000,1.000000,True
run-1,038607,8,"국내규정: |자료없음
ACGIH 규정: 자료없음
생물학적 노출기준: 자료없음
기타 노출기준: 자료없음
적절한 공학적 관리: 자료없음
호흡기 보호: |노출되는 물질의 물리화학적 특성에 맞는 산업안전보건공단의 인증을 필한 호흡용 보호구를 착용 하시오|-안면부 여과식 방진마스크 또는 공기여과식 방진마스크(고효율미립자여과재)또는 전동팬 부착 방진마스크(분진, 미스트, 흄용 여과재)|기체/액체물질의 경우 다음과 같은 호흡기 보호구가 권고됨 
-격리식 전면형 방독마스크(유기화합물용(산성가스인 경우 산성가스용)) 또는 격리식 반면형 방독마스크(유기화합물용(산성가스인 경우 산성가스용)) 또는 직결식 전면형 방독 마스크(유기화합물용(산성가스인 경우 산성가스용)) 또는 반면형 방독 마스크(유기화합물용(산성가스인 경우 산성가스용)) 또는 전동식 방독마스크|산소가 부족한 경우(&amp;lt;19.6%), 송기마스크, 혹은 자급식 호흡보호구를 착용하시오
눈 보호: 자료없음
손 보호: 자료없음
신체 보호: 자료없음","국내규정: |자료없음
ACGIH 규정: 자료없음
생물학적 노출기준: 자료없음
기타 노출기준: 자료없음
적절한 공학적 관리: 자료없음
호흡기 보호: |노출되는 물질의 물리화학적 특성에 맞는 산업안전보건공단의 인증을 필한 호흡용 보호구를 착용 하시오|-안면부 여과식 방진마스크 또는 공기여과식 방진마스크(고효율미립자여과재)또는 전동팬 부착 방진마스크(분진, 미스트, 흄용 여과재)|기체/액체물질의 경우 다음과 같은 호흡기 보호구가 권고됨 
-격리식 전면형 방독마스크(유기화합물용(산성가스인 경우 산성가스용)) 또는 격리식 반면형 방독마스크(유기화합물용(산성가스인 경우 산성가스용)) 또는 직결식 전면형 방독 마스크(유기화합물용(산성가스인 경우 산성가스용)) 또는 반면형 방독 마스크(유기화합물용(산성가스인 경우 산성가스용)) 또는 전동식 방독마스크|산소가 부족한 경우(&amp;lt;19.6%), 송기마스크, 혹은 자급식 호흡보호구를 착용하시오
눈 보호: 자료없음
손 보호: 자료없음
신체 보호: 자료없음",1.000000,1.000000,True
run-1,039587,5,"적절한(부적절한) 소화제: 자료없음
화학물질로부터 생기는 특정 유해성: 자료없음
화재진압시 착용할 보호구 및 예방조치: 자료없음","적절한(부적절한) 소화제: 자료없음
화학물질로부터 생기는 특정 유해성: 자료없음
화재진압시 착용할 보호구 및 예방조치: 자료없음",1.000000,1.000000,True
run-2,016362,4,"눈에 들어갔을 때: 눈에 묻으면 몇 분간 물로 조심해서 씻으시오. 가능하면 콘택트렌즈를 제거하시오. 계속 씻으시오.|눈에 자극이 지속되면 의학적인 조치·조언을 구하시오.
피부에 접촉했을 때: 뜨거운 물질인 경우, 열을 없애기 위해 영향을 받은 부위를 다량의 차가운 물에 담그거나 씻어내시오|긴급 의료조치를 받으시오|오염된 옷과 신발을 제거하고 오염지역을 격리하시오|물질과 접촉시 즉시 20분 이상 흐르는 물에 피부와 눈을 씻어내시오|경미한 피부 접촉 시 오염부위 확산을 방지하시오|피부 자극이 생기면 의학적인 조치·조언을 구하시오.|오염된 의복은 벗고 다시 사용 전 세탁하시오.
흡입했을 때: 신선한 공기가 있는 곳으로 옮기시오|호흡하지 않는 경우 인공호흡을 실시하시오|호흡이 힘들 경우 산소를 공급하시오|따뜻하게 하고 안정되게 해주시오
먹었을 때: 긴급 의료조치를 받으시오
기타 의사의 주의사항: 의료인력이 해당물질에 대해 인지하고 보호조치를 취하도록 하시오","눈에 들어갔을 때: 눈에 묻으면 몇 분간 물로 조심해서 씻으시오. 가능하면 콘택트렌즈를 제거하시오. 계속 씻으시오.|눈에 자극이 지속되면 의학적인 조치·조언을 구하시오.
피부에 접촉했을 때: 뜨거운 물질인 경우, 열을 없애기 위해 영향을 받은 부위를 다량의 차가운 물에 담그거나 씻어내시오|긴급 의료조치를 받으시오|오염된 옷과 신발을 제거하고 오염지역을 격리하시오|물질과 접촉시 즉시 20분 이상 흐르는 물에 피부와 눈을 씻어내시오|경미한 피부 접촉 시 오염부위 확산을 방지하시오|피부 자극이 생기면 의학적인 조치·조언을 구하시오.|오염된 의복은 벗고 다시 사용 전 세탁하시오.
흡입했을 때: 신선한 공기가 있는 곳으로 옮기시오|호흡하지 않는 경우 인공호흡을 실시하시오|호흡이 힘들 경우 산소를 공급하시오|따뜻하게 하고 안정되게 해주시오
먹었을 때: 긴급 의료조치를 받으시오
기타 의사의 주의사항: 의료인력이 해당물질에 대해 인지하고 보호조치를 취하도록 하시오",1.000000,1.000000,True
run-2,026270,12,"어류: 자료없음
갑각류: 자료없음
조류: 자료없음
잔류성: 자료없음
분해성: 자료없음
농축성: 자료없음
생분해성: 자료없음
토양이동성: 자료없음
기타 유해 영향: 자료없음","어류: 자료없음
갑각류: 자료없음
조류: 자료없음
잔류성: 자료없음
분해성: 자료없음
농축성: 자료없음
생분해성: 자료없음
토양이동성: 자료없음
기타 유해 영향: 자료없음",1.000000,1.000000,True
run-2,026595,11,"가능성이 높은 노출 경로에 관한 정보: 자료없음
경구: 자료없음
경피: 자료없음
흡입: 자료없음
피부부식성 또는 자극성: 자료없음
심한 눈손상 또는 자극성: 자료없음
호흡기과민성: 자료없음
피부과민성: 자료없음
산업안전보건법: 자료없음
고용노동부고시: 자료없음
IARC: 자료없음
OSHA: 자료없음
ACGIH: 자료없음
NTP: 자료없음
EU CLP: 자료없음
환경부: 자료없음
NITE: 자료없음
생식세포변이원성: 자료없음
생식독성: 자료없음
특정 표적장기 독성 (1회 노출): 자료없음
특정 표적장기 독성 (반복 노출): 자료없음
흡인유해성: 자료없음
기타 유해성 영향: 자료없음","가능성이 노.은 노출 경로에 관한 정보: 자료없음
경구: 자료없음
경피: 자료없음
흡입: 자료없음
피부부식성 또는 자극성: 자료없음
심한 눈손상 또는 자극성: 자료없음
호흡기과민성: 자료없음
피부과민성: 자료없음
산업안전보건법: 자료없음
고용노동부고시: 자료없음
IARC: 자료없음
OSHA: 자료없음
ACGIH: 자료없음
NTP: 자료없음
EU CLP: 자료없음
환경부: 자료없음
NITE: 자료없음
생식세포변이원성: 자료없음
생식독성: 자료없음
특정 표적장기 독성 (1회 노출): 자료없음
특정 표적장기 독성 (반복 노출): 자료없음
흡인유해성: 자료없음
기타 유해성 영향: 자료없음",0.993902,0.988577,False
run-2,009073,16,"자료의 출처: 자료없음
최초작성일자: 자료없음
개정횟수: 자료없음
최종 개정일자: 자료없음
기타: 자료없음","자료의 출처: 자료없음
최초작성일자: 자료없음
개정횟수: 자료없음
최종 개정일자: 자료없음
기타: 자료없음",1.000000,1.000000,True
run-2,013828,9,"외관: 자료없음
성상: 고체   |   ※출처 : KOSHANET
색상: 자료없음
냄새: 자료없음
냄새역치: 자료없음
pH: 자료없음
녹는점/어는점: 349.84 ℃|   ※출처 : EPISUITE, estimate
초기 끓는점과 끓는점 범위: 814.78 ℃|   ※출처 : EPISUITE, estimate
인화점: 자료없음
증발속도: 자료없음
인화성(고체, 기체): 자료없음
인화 또는 폭발 범위의 상한/하한: - / -
증기압: 0.0000000000000000000000245 ㎜Hg  |   ※출처 : EPISUITE, estimate
용해도: 0.00000000000001196 g/100㎖  |   ※출처 : EPISUITE, estimate
증기밀도: 자료없음
비중: 자료없음
n-옥탄올/물분배계수 (Kow): 자료없음
자연발화온도: 자료없음
분해온도: 자료없음
점도: 자료없음
분자량: 674.97   |   ※출처 : KOSHANET","외관: 자료없음
성상: 고체   |   ※출처 : KOSHANET
색상: 자료없음
냄새: 자료없음
냄새역치: 자료없음
pH: 자료없음
녹는점/어는점: 349.84 ℃|   ※출처 : EPISUITE, estimate
초기 끓는점과 끓는점 범위: {ㅍ.78 ℃|   ※출처 : EPISUITE, estimate
인화점: 자료없음
증발속도: 자료없음
인화성(고체, 기체): 자료없음
인화 또는 폭발 범위의 상한/하한: - / -
증기압: 0.0000000000000000000000245 ㎜Hg  |   ※출처 : EPISUITE, estimate
용해도: 0.00000000000001196 g/100㎖  |   ※출처 : EPISUITE, estimate
증기밀도: 자료없음
비중: 자료없음
n-옥탄올/물분배계수 (Kow): 자료없음
자연발화온도: 자료없음
분해온도: 자료없음
점도: 자료없음
분자량: 674.97   |   ※출처 : KOSHANET",0.993711,0.988813,False
run-2,134844,6,"인체를 보호하기 위해 필요한 조치사항 및 보호구: 엎질러진 것을 즉시 닦아내고, 보호구 항의 예방조치를 따르시오.|노출물을 만지거나 걸어다니지 마시오|위험하지 않다면 누출을 멈추시오|분진 형성을 방지하시오|피해야할 물질 및 조건에 유의하시오
환경을 보호하기 위해 필요한 조치사항: 환경으로 배출하지 마시오. |수로, 하수구, 지하실, 밀폐공간으로의 유입을 방지하시오
정화 또는 제거 방법: 누출물을 모으시오.|불활성 물질(예를 들어 건조한 모래 또는 흙)로 엎지른 것을 흡수하고, 화학폐기물 용기에 넣으시오.|액체를 흡수하고 오염된 지역을 세제와 물로 씻어 내시오.|다량 누출시 액체 누출물과 멀게하여 도랑을 만드시오|청결한 삽으로 누출물을 깨끗하고 건조한 용기에 담고 느슨하게 닫은 뒤 용기를 누출지역으로부터 옮기시오|분말 누출시 플라스틱 시트로 덮어 확산을 막고 건조한 상태로 유지하시오|소량 누출시 모래, 비가연성 물질로 흡수하고 용기에 담으시오","인체를 보호하기 위해 필요한 조치사항 및 보호구: 어.질러진 것을 즉시 닦아내고, 보호구 항의 예방조치를 따르시오.|노출물을 만지거나 걸어다니지 마시오|위험하지 않다면 누출을 멈추시오|분진 형성을 방지하시오|피해야할 물질 및 조건에 유의하시오
환경을 보호하기 위해 필요한 조치사항: 환경으로 배출하지 마시오. |수로, 하수구, 지하실, 밀폐공간으로의 유입을 방지하시오
정화 또는 제거 방법: 누출물을 모으시오.|불활성 물질(예를 들어 건조한 모래 또는 흙)로 어.지른 것을 흡수하고, 화학폐기물 용기에 넣으시오.|액체를 흡수하고 오염된 지역을 세제와 물로 씻어 내시오.|다량 누출시 액체 누출물과 멀게하여 도랑을 만드시오|청결한 삽으로 누출물을 깨끗하고 건조한 용기에 담고 느슨하게 닫은 뒤 용기를 누출지역으로부터 옮기시오|분말 누출시 플라스틱 시트로 더.어 확산을 막고 건조한 상태로 유지하시오|소량 누출시 모래, 비가연성 물질로 흡수하고 용기에 담으시오",0.987474,0.976548,False
run-2,003210,8,"국내규정: |자료없음
ACGIH 규정: 자료없음
생물학적 노출기준: 자료없음
기타 노출기준: 자료없음
적절한 공학적 관리: |공정격리, 국소배기를 사용하거나, 공기수준을 노출기준 이하로 조절하는 다른 공학적 관리를 하시오.||이 물질을 저장하거나 사용하는 설비는 세안설비와 안전 샤워를 설치하시오.
호흡기 보호: |노출되는 기체/액체의 물리화학적 특성에 맞는 산업안전보건공단의 인증을 필한 호흡용 보호구를 착용하시오|기체/액체 물질의 경우 다음과 같은 호흡기 보호구가 권고됨 
-격리식 전면형 방독마스크(유기화합물용(산성가스인 경우 산성가스용)) 또는 격리식 반면형 방독마스크(유기화합물용(산성가스인 경우 산성가스용)) 또는 직결식 전면형 방독 마스크(유기화합물용(산성가스인 경우 산성가스용)) 또는 반면형 방독 마스크(유기화합물용(산성가스인 경우 산성가스용)) 또는 전동식 방독마스크|산소가 부족한 경우(&amp;lt;19.5%), 송기마스크 혹은 자급식공기호흡기를 착용하시오
눈 보호: |눈의 자극을 일으키거나 기타 건강상의 장해를 일으키는 증기상태의 유기물질로부터 눈을 보호하기 위해서는 보안경 혹은 통기성 보안경을 착용하시오||근로자가 접근이 용이한 위치에 긴급세척시설(샤워식) 및 세안설비를 설치하시오
손 보호: |화학물질의 물리적 및 화학적 특성을 고려하여 적절한 재질의 보호장갑을 착용하시오
신체 보호: |화학물질의 물리적 및 화학적 특성을 고려하여 적절한 재질의 보호의복을 착용하시오","국내규정: |자료없음
ACGIH 규정: 자료없음
생물학적 노출기준: 자료없음
기타 노출기준: 자료없음
적절한 공학적 관리: |공정격리, 국소배기를 사용하거나, 공기수준을 노출기준 이하로 조절하는 다른 공학적 관리를 하시오.||이 물질을 저장하거나 사용하는 설비는 세안설비와 안전 샤워를 설치하시오.
호흡기 보호: |노출되는 기체/액체의 물리화학적 특성에 맞는 산업안전보건공단의 인증을 필한 호흡용 보호구를 착용하시오|기체/액체 물질의 경우 다음과 같은 호흡기 보호구가 권고됨 
-격리식 전면형 방독마스크(유기화합물용(산성가스인 경우 산성가스용)) 또는 격리식 반면형 방독마스크(유기화합물용(산성가스인 경우 산성가스용)) 또는 직결식 전면형 방독 마스크(유기화합물용(산성가스인 경우 산성가스용)) 또는 반면형 방독 마스크(유기화합물용(산성가스인 경우 산성가스용)) 또는 전동식 방독마스크|산소가 부족한 경우(&amp;lt;19.5%), 송기마스크 혹은 자급식공기호흡기를 착용하시오
눈 보호: |눈의 자극을 일으키거나 기타 건강상의 장해를 일으키는 증기상태의 유기물질로부터 눈을 보호하기 위해서는 보안경 혹은 통기성 보안경을 착용하시오||근로자가 접근이 용이한 위치에 긴급세척시설(샤워식) 및 세안설비를 설치하시오
손 보호: |화학물질의 물리적 및 화학적 특성을 고려하여 적절한 재질의 보호장갑을 착용하시오
신체 보호: |화학물질의 물리적 및 화학적 특성을 고려하여 적절한 재질의 보호의복을 착용하시오",1.000000,1.000000,True
run-2,006208,2,"유해성·위험성 분류: 자료없음
그림문자: 자료없음
신호어: 자료없음
유해·위험문구: 자료없음
예방: 자료없음
대응: 자료없음
저장: 자료없음
폐기: 자료없음
유해성·위험성 분류기준에 포함되지 않는 기타 유해성·위험성(예. 분진폭발 위험성): 자료없음","유해성·위험성 분류: 자료없음
그림문자: 자료없음
신호어: 자료없음
유해·위험문구: 자료없음
예방: 자료없음
대응: 자료없음
저장: 자료없음
폐기: 자료없음
유해성·위험성 분류기준에 포함되지 않는 기타 유해성·위험성(예. 분진폭발 위험성): 자료없음",1.000000,1.000000,True
run-2,009804,13,"폐기방법: 자료없음
폐기시 주의사항: (관련 법규에 명시된 내용에 따라) 내용물 용기를 폐기하시오.","폐기방법: 자료없음
폐기시 주의사항: (관련 법규에 명시된 내용에 따라) 내용물 용기를 폐기하시오.",1.000000,1.000000,True
run-2,017828,7,"안전취급요령: 자료없음
안전한 저장방법: 자료없음","안전취급요령: 자료없음
안전한 저장방법: 자료없음",1.000000,1.000000,True
run-2,035218,5,"적절한(부적절한) 소화제: 자료없음
화학물질로부터 생기는 특정 유해성: 자료없음
화재진압시 착용할 보호구 및 예방조치: 자료없음","적절한(부적절한) 소화제: 자료없음
화학물질로부터 생기는 특정 유해성: 자료없음
화재진압시 착용할 보호구 및 예방조치: 자료없음",1.000000,1.000000,True
run-2,014953,15,"산업안전보건법에 의한 규제: 해당없음
화학물질관리법에 의한 규제: 해당없음
화학물질의 등록 및 평가 등에 관한 법률 규제: 기존화학물질
위험물안전관리법에 의한 규제: 해당없음
폐기물관리법에 의한 규제: 해당없음
국내규제: 해당없음
기타 국내 규제: 해당없음
미국관리정보(OSHA 규정): 해당없음
미국관리정보(CERCLA 규정): 해당없음
미국관리정보(EPCRA 302 규정): 해당없음
미국관리정보(EPCRA 304 규정): 해당없음
미국관리정보(EPCRA 313 규정): 해당없음
미국관리정보(로테르담협약물질): 해당없음
미국관리정보(스톡홀름협약물질): 해당없음
미국관리정보(몬트리올의정서물질): 해당없음
EU 분류정보(확정분류결과): Xn; R22
R 43
EU 분류정보(위험문구): R22, R43
EU 분류정보(안전문구): S2, S36/37","산업안전보건법에 의한 규제: 해당없음
화학물질관리법에 의한 규제: 해당없음
화학물질의 등록 및 평가 등에 관한 법률 규제: 기존화학물질
위험물안전관리법에 의한 규제: 해당없음
폐기물관리법에 의한 규제: 해당없음
국내규제: 해당없음
기타 국내 규제: 해당없음
미국관리정보(OSHA 규정): 해당없음
미국관리정보(CERCLA 규정): 해당없음
미국관리정보(EPCRA 302 규정): 해당없음
미국관리정보(EPCRA 304 규정): 해당없음
미국관리정보(EPCRA 313 규정): 해당없음
미국관리정보(로테르담협약물질): 해당없음
미국관리정보(스톡홀름협약물질): 해당없음
미국관리정보(몬트리올의정서물질): 해당없음
EU 분류정보(확정분류결과): Xn; R22
R 43
EU 분류정보(위험문구): R22, R43
EU 분류정보(안전문구): S2, S36/37",1.000000,1.000000,True
run-2,028293,7,"안전취급요령: 압력을 가하거나, 자르거나, 용접, 납땜, 접합, 뚫기, 연마 또는 열에 폭로, 화염, 불꽃, 정전기 또는 다른 점화원에 폭로하지 마시오.|용기가 비워진 후에도 제품 찌꺼기가 남아 있을 수 있으므로 모든 MSDS/라벨 예방조치를 따르시오.|장기간 또는 지속적인 피부접촉을 막으시오.|물질 취급시 모든 장비를 반드시 접지하시오|피해야할 물질 및 조건에 유의하시오|공학적 관리 및 개인보호구를 참조하여 작업하시오|열에 주의하시오|저지대 밀폐공간에서 작업시 산소결핍의 우려가 있으므로 작업중, 공기중 산소농도 측정 및 환기를 하시오|폭발 방지용 전기·환기·조명·(...)·장비를 사용하시오.|스파크가 발생하지 않는 도구만을 사용하시오.|정전기 방지 조치를 취하시오.|취급 후에는 취급 부위를 철저히 씻으시오.
안전한 저장방법: 빈 드럼통은 완전히 배수하고 적절히 막아 즉시 드럼 조절기에 되돌려 놓거나 적절히 배치하시오.|피해야할 물질 및 조건에 유의하시오|열·스파크·화염·고열로부터 멀리하시오 - 금연|용기를 단단히 밀폐하시오.|환기가 잘 되는 곳에 보관하고 저온으로 유지하시오.","안전취급요령: 압력을 가하거나, 자르거나, 용접, 납땜, 접합, 뚫기, 연마 또는 열에 폭로, 화염, 불꽃, 정전기 또는 다른 점화원에 폭로하지 마시오.|용기가 비워진 후에도 제품 찌꺼기가 남아 있을 수 있으므로 모든 MSDS/라벨 예방조치를 따르시오.|장기간 또는 지속적인 피부접촉을 막으시오.|물질 취급시 모든 장비를 반드시 접지하시오|피해야할 물질 및 조건에 유의하시오|공학적 관리 및 개인보호구를 참조하여 작업하시오|열에 주의하시오|저지대 밀폐공간에서 작업시 산소결핍의 우려가 있으므로 작업중, 공기중 산소농도 측정 및 환기를 하시오|폭발 방지용 전기·환기·조명·(...)·장비를 사용하시오.|스파크가 발생하지 않는 도구만을 사용하시오.|정전기 방지 조치를 취하시오.|취급 후에는 취급 부위를 철저히 씻으시오.
안전한 저장방법: 빈 드럼통은 완전히 배수하고 적절히 막아 즉시 드럼 조절기에 되돌려 놓거나 적절히 배치하시오.|피해야할 물질 및 조건에 유의하시오|열·스파크·화염·고열로부터 멀리하시오 - 금연|용기를 단단히 밀폐하시오.|환기가 잘 되는 곳에 보관하고 저온으로 유지하시오.",1.000000,1.000000,True
run-2,044099,15,"산업안전보건법에 의한 규제: 해당없음
화학물질관리법에 의한 규제: 해당없음
화학물질의 등록 및 평가 등에 관한 법률 규제: 기존화학물질
위험물안전관리법에 의한 규제: 해당없음
폐기물관리법에 의한 규제: 해당없음
국내규제: 해당없음
기타 국내 규제: 해당없음
미국관리정보(OSHA 규정): 해당없음
미국관리정보(CERCLA 규정): 해당없음
미국관리정보(EPCRA 302 규정): 해당없음
미국관리정보(EPCRA 304 규정): 해당없음
미국관리정보(EPCRA 313 규정): 해당없음
미국관리정보(로테르담협약물질): 해당없음
미국관리정보(스톡홀름협약물질): 해당없음
미국관리정보(몬트리올의정서물질): 해당없음
EU 분류정보(확정분류결과): 해당없음
EU 분류정보(위험문구): 해당없음
EU 분류정보(안전문구): 해당없음","산업안전보건법에 의한 규제: 해당없음
화학물질관리법에 의한 규제: 해당없음
화학물질의 등록 및 평가 등에 관한 법률 규제: 기존화학물질
위험물안전관리법에 의한 규제: 해당없음
폐기물관리법에 의한 규제: 해당없음
국내규제: 해당없음
기타 국내 규제: 해당없음
미국관리정보(OSHA 규정): 해당없음
미국관리정보(CERCLA 규정): 해당없음
미국관리정보(EPCRA 302 규정): 해당없음
미국관리정보(EPCRA 304 규정): 해당없음
미국관리정보(EPCRA 313 규정): 해당없음
미국관리정보(로테르담협약물질): 해당없음
미국관리정보(스톡홀름협약물질): 해당없음
미국관리정보(몬트리올의정서물질): 해당없음
EU 분류정보(확정분류결과): 해당없음
EU 분류정보(위험문구): 해당없음
EU 분류정보(안전문구): 해당없음",1.000000,1.000000,True
run-2,002206,7,"안전취급요령: 용기와 수용설비를 접합시키거나 접지하시오.|폭발 방지용 전기·환기·조명·(...)·장비를 사용하시오.|스파크가 발생하지 않는 도구만을 사용하시오.|정전기 방지 조치를 취하시오.|압력을 가하거나, 자르거나, 용접, 납땜, 접합, 뚫기, 연마 또는 열에 폭로, 화염, 불꽃, 정전기 또는 다른 점화원에 폭로하지 마시오.|용기가 비워진 후에도 제품 찌꺼기가 남아 있을 수 있으므로 모든 MSDS/라벨 예방조치를 따르시오.
안전한 저장방법: 열·스파크·화염·고열로부터 멀리하시오 - 금연|용기를 단단히 밀폐하시오.|환기가 잘 되는 곳에 보관하고 저온으로 유지하시오.","안전취급요령: 용기와 수용설비를 접합시키거나 접지하시오.|폭발 방지용 전기·환기·조명·(...)·장비를 사용하시오.|스파크가 발생하지 않는 도구만을 사용하시오.|정전기 방지 조치를 취하시오.|압력을 가하거나, 자르거나, 용접, 납땜, 접합, 뚫기, 연마 또는 열에 폭로, 화염, 불꽃, 정전기 또는 다른 점화원에 폭로하지 마시오.|용기가 비워진 후에도 제품 찌꺼기가 남아 있을 수 있으므로 모든 MSDS/라벨 예방조치를 따르시오.
안전한 저장방법: 열·스파크·화염·고열로부터 멀리하시오 - 금연|용기를 단단히 밀폐하시오.|환기가 잘 되는 곳에 보관하고 저온으로 유지하시오.",1.000000,1.000000,True
run-2,032123,4,"눈에 들어갔을 때: 눈에 묻으면 몇 분간 물로 조심해서 씻으시오. 가능하면 콘택트렌즈를 제거하시오. 계속 씻으시오.|눈에 자극이 지속되면 의학적인 조치·조언을 구하시오.
피부에 접촉했을 때: 뜨거운 물질인 경우, 열을 없애기 위해 영향을 받은 부위를 다량의 차가운 물에 담그거나 씻어내시오|긴급 의료조치를 받으시오|오염된 옷과 신발을 제거하고 오염지역을 격리하시오|물질과 접촉시 즉시 20분 이상 흐르는 물에 피부와 눈을 씻어내시오|피부 자극이 생기면 의학적인 조치·조언을 구하시오.|오염된 의복은 벗고 다시 사용 전 세탁하시오.
흡입했을 때: 신선한 공기가 있는 곳으로 옮기시오|긴급 의료조치를 받으시오|호흡하지 않는 경우 인공호흡을 실시하시오|호흡이 힘들 경우 산소를 공급하시오
먹었을 때: 긴급 의료조치를 받으시오
기타 의사의 주의사항: 의료인력이 해당물질에 대해 인지하고 보호조치를 취하도록 하시오","눈에 들어갔을 때: 눈에 묻으면 몇 분간 물로 조심해서 씻으시오. 가능하면 콘택트렌즈를 제거하시오. 계속 씻으시오.|눈에 자극이 지속되면 의학적인 조치·조언을 구하시오.
피부에 접촉했을 때: 뜨거운 물질인 경우, 열을 없애기 위해 영향을 받은 부위를 다량의 차가운 물에 담그거나 씻어내시오|긴급 의료조치를 받으시오|오염된 옷과 신발을 제거하고 오염지역을 격리하시오|물질과 접촉시 즉시 20분 이상 흐르는 물에 피부와 눈을 씻어내시오|피부 자극이 생기면 의학적인 조치·조언을 구하시오.|오염된 의복은 벗고 다시 사용 전 세탁하시오.
흡입했을 때: 신선한 공기가 있는 곳으로 옮기시오|긴급 의료조치를 받으시오|호흡하지 않는 경우 인공호흡을 실시하시오|호흡이 힘들 경우 산소를 공급하시오
먹었을 때: 긴급 의료조치를 받으시오
기타 의사의 주의사항: 의료인력이 해당물질에 대해 인지하고 보호조치를 취하도록 하시오",1.000000,1.000000,True
run-2,033975,14,"유엔번호(UN No.): UN 운송위험물질 분류정보가 없음
적정선적명: 해당없음
운송에서의 위험성 등급: 해당없음
용기등급: 해당없음
해양오염물질: 자료없음
화재시 비상조치: 해당없음
유출시 비상조치: 해당없음","유엔번호(UN No.): UN 운송위험물질 분류정보가 없음
적정선적명: 해당없음
운송에서의 위험성 등급: 해당없음
용기등급: 해당없음
해양오염물질: 자료없음
화재시 비상조치: 해당없음
유출시 비상조치: 해당없음",1.000000,1.000000,True
run-2,031729,15,,,1.000000,1.000000,True
run-2,027586,13,"폐기방법: 자료없음
폐기시 주의사항: 자료없음","폐기방법: 자료없음
폐기시 주의사항: 자료없음",1.000000,1.000000,True
run-2,034472,10,"화학적 안정성 및 유해 반응의 가능성: 자료없음
피해야 할 조건: 자료없음
피해야 할 물질: 자료없음
분해시 생성되는 유해물질: 자료없음","화학적 안정성 및 유해 반응의 가능성: 자료없음
피해야 할 조건: 자료없음
피해야 할 물질: 자료없음
분해시 생성되는 유해물질: 자료없음",1.000000,1.000000,True
run-2,039593,13,"폐기방법: 자료없음
폐기시 주의사항: 자료없음","폐기방법: 자료없음
폐기시 주의사항: 자료없음",1.000000,1.000000,True
run-2,013767,6,"인체를 보호하기 위해 필요한 조치사항 및 보호구: 엎질러진 것을 즉시 닦아내고, 보호구 항의 예방조치를 따르시오.|노출물을 만지거나 걸어다니지 마시오|위험하지 않다면 누출을 멈추시오|분진 형성을 방지하시오|피해야할 물질 및 조건에 유의하시오
환경을 보호하기 위해 필요한 조치사항: 수로, 하수구, 지하실, 밀폐공간으로의 유입을 방지하시오|환경으로 배출하지 마시오.
정화 또는 제거 방법: 불활성 물질(예를 들어 건조한 모래 또는 흙)로 엎지른 것을 흡수하고, 화학폐기물 용기에 넣으시오.|액체를 흡수하고 오염된 지역을 세제와 물로 씻어 내시오.|다량 누출시 액체 누출물과 멀게하여 도랑을 만드시오|청결한 삽으로 누출물을 깨끗하고 건조한 용기에 담고 느슨하게 닫은 뒤 용기를 누출지역으로부터 옮기시오|분말 누출시 플라스틱 시트로 덮어 확산을 막고 건조한 상태로 유지하시오|소량 누출시 모래, 비가연성 물질로 흡수하고 용기에 담으시오","인체를 보호하기 위해 필요한 조치사항 및 보호구: 어.질러진 것을 즉시 닦아내고, 보호구 항의 예방조치를 따르시오.|노출물을 만지거나 걸어다니지 마시오|위험하지 않다면 누출을 멈추시오|분진 형성을 방지하시오|피해야할 물질 및 조건에 유의하시오
환경을 보호하기 위해 필요한 조치사항: 수로, 하수구, 지하실, 밀폐공간으로의 유입을 방지하시오|환경으로 배출하지 마시오.
정화 또는 제거 방법: 불활성 물질(예를 들어 건조한 모래 또는 흙)로 어.지른 것을 흡수하고, 화학폐기물 용기에 넣으시오.|액체를 흡수하고 오염된 지역을 세제와 물로 씻어 내시오.|다량 누출시 액체 누출물과 멀게하여 도랑을 만드시오|청결한 삽으로 누출물을 깨끗하고 건조한 용기에 담고 느슨하게 닫은 뒤 용기를 누출지역으로부터 옮기시오|분말 누출시 플라스틱 시트로 더.어 확산을 막고 건조한 상태로 유지하시오|소량 누출시 모래, 비가연성 물질로 흡수하고 용기에 담으시오",0.987152,0.975938,False
run-2,028422,12,"어류: 자료없음
갑각류: 자료없음
조류: 자료없음
잔류성: 자료없음
분해성: 자료없음
농축성: 자료없음
생분해성: 자료없음
토양이동성: 자료없음
기타 유해 영향: 자료없음","어류: 자료없음
갑각류: 자료없음
조류: 자료없음
잔류성: 자료없음
분해성: 자료없음
농축성: 자료없음
생분해성: 자료없음
토양이동성: 자료없음
기타 유해 영향: 자료없음",1.000000,1.000000,True
run-2,006510,10,"화학적 안정성 및 유해 반응의 가능성: 상온상압조건에서 안정함|가열시 용기가 폭발할 수 있음|일부는 탈 수 있으나 쉽게 점화하지 않음|화재시 자극성, 독성 가스를 발생할 수 있음|물질의 흡입은 유해할 수 있음|일부 액체는 현기증, 질식을 유발하는 증기는 발생할 수 있음
피해야 할 조건: 열, 스파크, 화염 등 점화원
피해야 할 물질: 가연성 물질|자극성, 독성 가스
분해시 생성되는 유해물질: 자료없음","화학적 안정성 및 유해 반응의 가능성: 상온상압조건에서 안정함|가열시 용기가 폭발할 수 있음|일부는 탈 수 있으나 쉽게 점화하지 않음|화재시 자극성, 독성 가스를 발생할 수 있음|물질의 흡입은 유해할 수 있음|일부 액체는 현기증, 질식을 유발하는 증기는 발생할 수 있음
피해야 할 조건: 열, 스파크, 화염 등 점화원
피해야 할 물질: 가연성 물질|자극성, 독성 가스
분해시 생성되는 유해물질: 자료없음",1.000000,1.000000,True
run-2,033824,15,,,1.000000,1.000000,True
run-2,016897,6,"인체를 보호하기 위해 필요한 조치사항 및 보호구: 자료없음
환경을 보호하기 위해 필요한 조치사항: 자료없음
정화 또는 제거 방법: 자료없음","인체를 보호하기 위해 필요한 조치사항 및 보호구: 자료없음
환경을 보호하기 위해 필요한 조치사항: 자료없음
정화 또는 제거 방법: 자료없음",1.000000,1.000000,True
run-2,001380,12,"어류: 자료없음
갑각류: 자료없음
조류: 자료없음
잔류성: 자료없음
분해성: 자료없음
농축성: 자료없음
생분해성: 자료없음
토양이동성: 자료없음
기타 유해 영향: 자료없음","어류: 자료없음
갑각류: 자료없음
조류: 자료없음
잔류성: 자료없음
분해성: 자료없음
농축성: 자료없음
생분해성: 자료없음
토양이동성: 자료없음
기타 유해 영향: 자료없음",1.000000,1.000000,True
run-2,049970,13,"폐기방법: 자료없음
폐기시 주의사항: 자료없음","폐기방법: 자료없음
폐기시 주의사항: 자료없음",1.000000,1.000000,True
run-2,019202,9,"외관: 자료없음
성상: 자료없음
색상: 자료없음
냄새: 자료없음
냄새역치: 자료없음
pH: 자료없음
녹는점/어는점: 자료없음
초기 끓는점과 끓는점 범위: 자료없음
인화점: 자료없음
증발속도: 자료없음
인화성(고체, 기체): 자료없음
인화 또는 폭발 범위의 상한/하한: 자료없음
증기압: 자료없음
용해도: 자료없음
증기밀도: 자료없음
비중: 자료없음
n-옥탄올/물분배계수 (Kow): 자료없음
자연발화온도: 자료없음
분해온도: 자료없음
점도: 자료없음
분자량: 자료없음","외관: 자료없음
성상: 자료없음
색상: 자료없음
냄새: 자료없음
냄새역치: 자료없음
pH: 자료없음
녹는점/어는점: 자료없음
초기 끓는점과 끓는점 범위: 자료없음
인화점: 자료없음
증발속도: 자료없음
인화성(고체, 기체): 자료없음
인화 또는 폭발 범위의 상한/하한: 자료없음
증기압: 자료없음
용해도: 자료없음
증기밀도: 자료없음
비중: 자료없음
n-옥탄올/물분배계수 (Kow): 자료없음
자연발화온도: 자료없음
분해온도: 자료없음
점도: 자료없음
분자량: 자료없음",1.000000,1.000000,True
run-2,036123,13,"폐기방법: 폐기물관리법에 명시된 경우 규정에 따라 내용물 및 용기를 폐기하시오.
폐기시 주의사항: (관련 법규에 명시된 내용에 따라) 내용물 용기를 폐기하시오.","폐기방법: 폐기물관리법에 명시된 경우 규정에 따라 내용물 및 용기를 폐기하시오.
폐기시 주의사항: (관련 법규에 명시된 내용에 따라) 내용물 용기를 폐기하시오.",1.000000,1.000000,True
run-2,028749,2,"유해성·위험성 분류: 자료없음
그림문자: 자료없음
신호어: 자료없음
유해·위험문구: 자료없음
예방: 자료없음
대응: 자료없음
저장: 자료없음
폐기: 자료없음
유해성·위험성 분류기준에 포함되지 않는 기타 유해성·위험성(예. 분진폭발 위험성): 자료없음","유해성·위험성 분류: 자료없음
그림문자: 자료없음
신호어: 자료없음
유해·위험문구: 자료없음
예방: 자료없음
대응: 자료없음
저장: 자료없음
폐기: 자료없음
유해성·위험성 분류기준에 포함되지 않는 기타 유해성·위험성(예. 분진폭발 위험성): 자료없음",1.000000,1.000000,True
run-2,033118,11,"가능성이 높은 노출 경로에 관한 정보: 자료없음
경구: 자료없음
경피: 자료없음
흡입: 자료없음
피부부식성 또는 자극성: 자료없음
심한 눈손상 또는 자극성: 자료없음
호흡기과민성: 자료없음
피부과민성: 자료없음
산업안전보건법: 자료없음
고용노동부고시: 자료없음
IARC: 자료없음
OSHA: 자료없음
ACGIH: 자료없음
NTP: 자료없음
EU CLP: 자료없음
환경부: 자료없음
NITE: 자료없음
생식세포변이원성: 자료없음
생식독성: 자료없음
특정 표적장기 독성 (1회 노출): 자료없음
특정 표적장기 독성 (반복 노출): 자료없음
흡인유해성: 자료없음
기타 유해성 영향: 자료없음","가능성이 노.은 노출 경로에 관한 정보: 자료없음
경구: 자료없음
경피: 자료없음
흡입: 자료없음
피부부식성 또는 자극성: 자료없음
심한 눈손상 또는 자극성: 자료없음
호흡기과민성: 자료없음
피부과민성: 자료없음
산업안전보건법: 자료없음
고용노동부고시: 자료없음
IARC: 자료없음
OSHA: 자료없음
ACGIH: 자료없음
NTP: 자료없음
EU CLP: 자료없음
환경부: 자료없음
NITE: 자료없음
생식세포변이원성: 자료없음
생식독성: 자료없음
특정 표적장기 독성 (1회 노출): 자료없음
특정 표적장기 독성 (반복 노출): 자료없음
흡인유해성: 자료없음
기타 유해성 영향: 자료없음",0.993902,0.988577,False
run-2,026839,9,"외관: 자료없음
성상: 고체  (고체: 미립자/분말) |   ※출처 : ECHA
색상: 어두운 녹색   |   ※출처 : ECHA
냄새: 자료없음
냄새역치: 자료없음
pH: 자료없음
녹는점/어는점: 144~146 ℃ (1013 hPa, 분해안됨) |   ※출처 : ECHA
초기 끓는점과 끓는점 범위: 635 ℃((760㎜Hg))|   ※출처 : Guidechem
인화점: 337.8 ℃|   ※출처 : Guidechem
증발속도: 자료없음
인화성(고체, 기체): 자료없음
인화 또는 폭발 범위의 상한/하한: 자료없음
증기압: 0 hPa (20℃) |   ※출처 : ECHA
용해도: &lt; 13.2 ug/L (20℃, pH: 6.2) |   ※출처 : ECHA
증기밀도: 자료없음
비중: 1.44  (20.3℃, 상대 밀도) |   ※출처 : ECHA
n-옥탄올/물분배계수 (Kow): 4.2 (log Pow, 25℃)|   ※출처 : ECHA
자연발화온도: 170 ℃ (상대적 자연발화 온도) |   ※출처 : ECHA
분해온도: 자료없음
점도: 자료없음
분자량: 465.44   |   ※출처 : ECHA","외관: 자료없음
성상: 고체  (고체: 미립자/분말) |   ※출처 : ECHA
색상: 어두운 녹색   |   ※출처 : ECHA
냄새: 자료없음
냄새역치: 자료없음
pH: 자료없음
녹는점/어는점: 144~146 ℃ (1013 hPa, 분해안됨) |   ※출처 : ECHA
초기 끓는점과 끓는점 범위: 635 ℃((760㎜Hg))|   ※출처 : Guidech무
인화점: 337.8 ℃|   ※출처 : Guidech무
증발속도: 자료없음
인화성(고체, 기체): 자료없음
인화 또는 폭발 범위의 상한/하한: 자료없음
증기압: 0 hPa (20℃) |   ※출처 : ECHA
용해도: &lt; 13.2 ug/L (20℃, pH: 6.2) |   ※출처 : ECHA
증기밀도: 자료없음
비중: 1.44  (20.3℃, 상대 밀도) |   ※출처 : ECHA
n-옥탄올/물분배계수 (Kow): 4.2 (log Pow, 25℃)|   ※출처 : ECHA
자연발화온도: 170 ℃ (상대적 자연발화 온도) |   ※출처 : ECHA
분해온도: 자료없음
점도: 자료없음
분자량: 465.44   |   ※출처 : ECHA",0.992933,0.984709,False
run-2,427911,12,"어류: 자료없음
갑각류: 자료없음
조류: 자료없음
잔류성: 자료없음
분해성: 자료없음
농축성: 자료없음
생분해성: 자료없음
토양이동성: 자료없음
기타 유해 영향: 자료없음","어류: 자료없음
갑각류: 자료없음
조류: 자료없음
잔류성: 자료없음
분해성: 자료없음
농축성: 자료없음
생분해성: 자료없음
토양이동성: 자료없음
기타 유해 영향: 자료없음",1.000000,1.000000,True
run-2,008197,10,"화학적 안정성 및 유해 반응의 가능성: 자료없음
피해야 할 조건: 자료없음
피해야 할 물질: 자료없음
분해시 생성되는 유해물질: 자료없음","화학적 안정성 및 유해 반응의 가능성: 자료없음
피해야 할 조건: 자료없음
피해야 할 물질: 자료없음
분해시 생성되는 유해물질: 자료없음",1.000000,1.000000,True
run-2,045482,6,"인체를 보호하기 위해 필요한 조치사항 및 보호구: 자료없음
환경을 보호하기 위해 필요한 조치사항: 자료없음
정화 또는 제거 방법: 자료없음","인체를 보호하기 위해 필요한 조치사항 및 보호구: 자료없음
환경을 보호하기 위해 필요한 조치사항: 자료없음
정화 또는 제거 방법: 자료없음",1.000000,1.000000,True
run-2,018625,13,"폐기방법: 자료없음
폐기시 주의사항: 자료없음","폐기방법: 자료없음
폐기시 주의사항: 자료없음",1.000000,1.000000,True
run-2,007038,11,"가능성이 높은 노출 경로에 관한 정보: 흡입에 의해 신체 흡수 가능|흡입 및 소화기에 의해 신체 흡수 가능|피부, 소화기를 통해, 에어로졸의  흡입에 의해 신체 흡수 가능|증기의 흡입에 의해 신체 흡수 가능|흡입, 피부, 소화기에 의해 신체 흡수 가능
경구: LD50 &gt;5000 ㎎/㎏  실험종 : Rat|  (GE Specialty Chemicals)
경피: LD50 &gt;2000 ㎎/㎏  실험종 : Rabbit|  (GE Specialty Chemicals)
흡입: 가스 LD50 &gt;2000 ㎎/㎏  실험종 : Rabbit|  (GE Specialty Chemicals)
피부부식성 또는 자극성: 자료없음
심한 눈손상 또는 자극성: 자료없음
호흡기과민성: 자료없음
피부과민성: 자료없음
산업안전보건법: 자료없음
고용노동부고시: 자료없음
IARC: 자료없음
OSHA: 자료없음
ACGIH: 자료없음
NTP: 자료없음
EU CLP: 자료없음
환경부: 자료없음
NITE: 자료없음
생식세포변이원성: 자료없음
생식독성: 자료없음
특정 표적장기 독성 (1회 노출): 자료없음
특정 표적장기 독성 (반복 노출): 자료없음
흡인유해성: 자료없음
기타 유해성 영향: 자료없음","가능성이 노.은 노출 경로에 관한 정보: 흡입에 의해 신체 흡수 가능|흡입 및 소화기에 의해 신체 흡수 가능|피부, 소화기를 통해, 에어로졸의  흡입에 의해 신체 흡수 가능|증기의 흡입에 의해 신체 흡수 가능|흡입, 피부, 소화기에 의해 신체 흡수 가능
경구: LD50 &gt;5000 ㎎/㎏  실험종 : Rat|  (GE Specialty Chemicals)
경피: LD50 &gt;2000 ㎎/㎏  실험종 : Rabbit|  (GE Specialty Chemicals)
흡입: 가스 LD50 &gt;2000 ㎎/㎏  실험종 : Rabbit|  (GE Specialty Chemicals)
피부부식성 또는 자극성: 자료없음
심한 눈손상 또는 자극성: 자료없음
호흡기과민성: 자료없음
피부과민성: 자료없음
산업안전보건법: 자료없음
고용노동부고시: 자료없음
IARC: 자료없음
OSHA: 자료없음
ACGIH: 자료없음
NTP: 자료없음
EU CLP: 자료없음
환경부: 자료없음
NITE: 자료없음
생식세포변이원성: 자료없음
생식독성: 자료없음
특정 표적장기 독성 (1회 노출): 자료없음
특정 표적장기 독성 (반복 노출): 자료없음
흡인유해성: 자료없음
기타 유해성 영향: 자료없음",0.996689,0.993832,False
run-2,004649,12,"어류: 자료없음
갑각류: 자료없음
조류: EC50  96 hr 기타(ECOSAR:Neutral Organics  EC50값이 수용해도를 초과하므로 분류되지않음)|※출처 : EPISUITE
잔류성: 2.54 log Kow |※출처 : EPISUITE
분해성: 자료없음
농축성: 21.92 |※출처 : EPISUITE
생분해성: (난분해성)|※출처 : HSDB
토양이동성: 160 |※출처 : EPISUITE
기타 유해 영향: 자료없음","어류: 자료없음
갑각류: 자료없음
조류: EC50  96 ⠴태 기타(ECOSAR:Neutral Organi너  EC50값이 수용해도를 초과하므로 분류되지않음)|※출처 : EPISUITE
잔류성: 2.54 log Kow |※출처 : EPISUITE
분해성: 자료없음
농축성: 21.92 |※출처 : EPISUITE
생분해성: (난분해성)|※출처 : HSDB
토양이동성: 160 |※출처 : EPISUITE
기타 유해 영향: 자료없음",0.983402,0.962967,False
run-2,027317,9,"외관: 자료없음
성상: 자료없음
색상: 자료없음
냄새: 자료없음
냄새역치: 자료없음
pH: 자료없음
녹는점/어는점: 자료없음
초기 끓는점과 끓는점 범위: 자료없음
인화점: 자료없음
증발속도: 자료없음
인화성(고체, 기체): 자료없음
인화 또는 폭발 범위의 상한/하한: 자료없음
증기압: 자료없음
용해도: 자료없음
증기밀도: 자료없음
비중: 자료없음
n-옥탄올/물분배계수 (Kow): 자료없음
자연발화온도: 자료없음
분해온도: 자료없음
점도: 자료없음
분자량: 자료없음","외관: 자료없음
성상: 자료없음
색상: 자료없음
냄새: 자료없음
냄새역치: 자료없음
pH: 자료없음
녹는점/어는점: 자료없음
초기 끓는점과 끓는점 범위: 자료없음
인화점: 자료없음
증발속도: 자료없음
인화성(고체, 기체): 자료없음
인화 또는 폭발 범위의 상한/하한: 자료없음
증기압: 자료없음
용해도: 자료없음
증기밀도: 자료없음
비중: 자료없음
n-옥탄올/물분배계수 (Kow): 자료없음
자연발화온도: 자료없음
분해온도: 자료없음
점도: 자료없음
분자량: 자료없음",1.000000,1.000000,True
run-2,042676,13,"폐기방법: 자료없음
폐기시 주의사항: 자료없음","폐기방법: 자료없음
폐기시 주의사항: 자료없음",1.000000,1.000000,True
run-2,026715,16,"자료의 출처: CRC Handbook(분자량)|CRC Handbook(성상)|EPI Suite(생분해성)|Ecological Structure Activity Relationships(ECOSAR)(갑각류)|Ecological Structure Activity Relationships(ECOSAR)(어류)|Ecological Structure Activity Relationships(ECOSAR)(조류)|National Emergency Management Agency(http://hazmat.nema.go.kr/index.jsp)(비중)|National Emergency Management Agency(http://hazmat.nema.go.kr/index.jsp)(인화점)|National Emergency Management Agency(http://hazmat.nema.go.kr/index.jsp)(초기 끓는점과 끓는점 범위)|National Library of Medicine(http://toxnet.nlm.nih.gov/cgi-bin/sis/htmlgen?CHEM)(n-옥탄올/물분배계수 (Kow))|National Library of Medicine(http://toxnet.nlm.nih.gov/cgi-bin/sis/htmlgen?CHEM)(녹는점/어는점)|National Library of Medicine(http://toxnet.nlm.nih.gov/cgi-bin/sis/htmlgen?CHEM)(용해도)|National Library of Medicine(http://toxnet.nlm.nih.gov/cgi-bin/sis/htmlgen?CHEM)(잔류성)|Quantitative Structure Activity Relation(QSAR)(농축성)|Quantitative Structure Activity Relation(QSAR)(토양이동성)|TOPKAT(심한 눈손상 또는 자극성 )
최초작성일자: 2009-12-28
개정횟수: 자료없음
최종 개정일자: 2025-08-08
기타: 자료없음","자료의 출처: CRC ⠴ㅅ{⠝ㅍ⠃⠕⠕⠅(분자량)|CRC ⠴ㅅ{⠝ㅍ⠃⠕⠕⠅(성상)|EPI Suite(생분해성)|Ecological Structure Activity Relationships(ECOSAR)(갑각류)|Ecological Structure Activity Relationships(ECOSAR)(어류)|Ecological Structure Activity Relationships(ECOSAR)(조류)|National ⠴ㅅ무매ㅇ메뇌 Manag무메⠞ Ag메뇌(http://⠴{⠵⠍⠁⠞.n묵.⠴이.kr/index.jsp)(비중)|National ⠴ㅅ무매ㅇ메뇌 Manag무메⠞ Ag메뇌(http://⠴{⠵⠍⠁⠞.n묵.⠴이.kr/index.jsp)(인화점)|National ⠴ㅅ무매ㅇ메뇌 Manag무메⠞ Ag메뇌(http://⠴{⠵⠍⠁⠞.n묵.⠴이.kr/index.jsp)(초기 끓는점과 끓는점 범위)|National Library of Medicine(http://toxnet.nlm.nih.gov/cgi-bin/sis/htmlg멭CHEM)(n-옥탄올/물분배계수 (Kow))|National Library of Medicine(http://toxnet.nlm.nih.gov/cgi-bin/sis/htmlg멭CHEM)(녹는점/어는점)|National Library of Medicine(http://toxnet.nlm.nih.gov/cgi-bin/sis/htmlg멭CHEM)(용해도)|National Library of Medicine(http://toxnet.nlm.nih.gov/cgi-bin/sis/htmlg멭CHEM)(잔류성)|Quantitative Structure Activity Relation(QSAR)(농축성)|Quantitative Structure Activity Relation(QSAR)(토양이동성)|TOPKAT(심한 눈손상 또는 자극성 )
최초작성일자: 2009-12-28
개정횟수: 자료없음
최종 개정일자: 2025-08-08
기타: 자료없음",0.885406,0.842416,False
run-2,007777,16,"자료의 출처: 자료없음
최초작성일자: 자료없음
개정횟수: 자료없음
최종 개정일자: 자료없음
기타: 자료없음","자료의 출처: 자료없음
최초작성일자: 자료없음
개정횟수: 자료없음
최종 개정일자: 자료없음
기타: 자료없음",1.000000,1.000000,True
run-2,045343,8,"국내규정: |자료없음
ACGIH 규정: 자료없음
생물학적 노출기준: 자료없음
기타 노출기준: 자료없음
적절한 공학적 관리: |공정격리, 국소배기를 사용하거나, 공기수준을 노출기준 이하로 조절하는 다른 공학적 관리를 하시오.||이 물질을 저장하거나 사용하는 설비는 세안설비와 안전 샤워를 설치하시오.
호흡기 보호: |노출되는 입자상 물질의 물리화학적 특성에 맞는 산업안전보건공단의 인증을 필한 호흡용 보호구를 착용하시오|입자상 물질의 경우 다음과 같은 호흡기 보호구가 권고됨
- 안면부 여과식 방진마스크 또는 공기 여과식 방진마스크(고효율 미립자 여과재) 또는 전동팬 부착방진 마스크(분진, 미스트, 흄용 여과재)|산소가 부족한 경우(&amp;lt;19.6%), 송기마스크, 혹은 자급식 호흡보호구를 착용하시오
눈 보호: |눈에 자극을 일으키거나 기타 건강상의 장해를 일으킬 수 있는 입자상 물질에 대하여 눈을 보호하기 위하여 통기성 보안경을 착용하시오||근로자가 접근이 용이한 위치에 긴급세척시설(샤워식) 및 세안설비를 설치하시오
손 보호: |화학물질의 물리적 및 화학적 특성을 고려하여 적절한 재질의 보호장갑을 착용하시오
신체 보호: |화학물질의 물리적 및 화학적 특성을 고려하여 적절한 재질의 보호의복을 착용하시오","국내규정: |자료없음
ACGIH 규정: 자료없음
생물학적 노출기준: 자료없음
기타 노출기준: 자료없음
적절한 공학적 관리: |공정격리, 국소배기를 사용하거나, 공기수준을 노출기준 이하로 조절하는 다른 공학적 관리를 하시오.||이 물질을 저장하거나 사용하는 설비는 세안설비와 안전 샤워를 설치하시오.
호흡기 보호: |노출되는 입자상 물질의 물리화학적 특성에 맞는 산업안전보건공단의 인증을 필한 호흡용 보호구를 착용하시오|입자상 물질의 경우 다음과 같은 호흡기 보호구가 권고됨
- 안면부 여과식 방진마스크 또는 공기 여과식 방진마스크(고효율 미립자 여과재) 또는 전동팬 부착방진 마스크(분진, 미스트, 흄용 여과재)|산소가 부족한 경우(&amp;lt;19.6%), 송기마스크, 혹은 자급식 호흡보호구를 착용하시오
눈 보호: |눈에 자극을 일으키거나 기타 건강상의 장해를 일으킬 수 있는 입자상 물질에 대하여 눈을 보호하기 위하여 통기성 보안경을 착용하시오||근로자가 접근이 용이한 위치에 긴급세척시설(샤워식) 및 세안설비를 설치하시오
손 보호: |화학물질의 물리적 및 화학적 특성을 고려하여 적절한 재질의 보호장갑을 착용하시오
신체 보호: |화학물질의 물리적 및 화학적 특성을 고려하여 적절한 재질의 보호의복을 착용하시오",1.000000,1.000000,True
run-2,004284,9,"외관: 자료없음
성상: 자료없음
색상: 자료없음
냄새: 자료없음
냄새역치: 자료없음
pH: 자료없음
녹는점/어는점: 자료없음
초기 끓는점과 끓는점 범위: 자료없음
인화점: 자료없음
증발속도: 자료없음
인화성(고체, 기체): 자료없음
인화 또는 폭발 범위의 상한/하한: 자료없음
증기압: 자료없음
용해도: 자료없음
증기밀도: 자료없음
비중: 자료없음
n-옥탄올/물분배계수 (Kow): 자료없음
자연발화온도: 자료없음
분해온도: 자료없음
점도: 자료없음
분자량: 자료없음","외관: 자료없음
성상: 자료없음
색상: 자료없음
냄새: 자료없음
냄새역치: 자료없음
pH: 자료없음
녹는점/어는점: 자료없음
초기 끓는점과 끓는점 범위: 자료없음
인화점: 자료없음
증발속도: 자료없음
인화성(고체, 기체): 자료없음
인화 또는 폭발 범위의 상한/하한: 자료없음
증기압: 자료없음
용해도: 자료없음
증기밀도: 자료없음
비중: 자료없음
n-옥탄올/물분배계수 (Kow): 자료없음
자연발화온도: 자료없음
분해온도: 자료없음
점도: 자료없음
분자량: 자료없음",1.000000,1.000000,True
run-2,024121,10,"화학적 안정성 및 유해 반응의 가능성: 자료없음
피해야 할 조건: 자료없음
피해야 할 물질: 자료없음
분해시 생성되는 유해물질: 자료없음","화학적 안정성 및 유해 반응의 가능성: 자료없음
피해야 할 조건: 자료없음
피해야 할 물질: 자료없음
분해시 생성되는 유해물질: 자료없음",1.000000,1.000000,True
run-2,016913,9,"외관: 자료없음
성상: 고체, 결정체, 분말
색상: 노란색에서 빨간색까지
냄새: 없음
냄새역치: 자료없음
pH: (해당 안됨)
녹는점/어는점: (없음)
초기 끓는점과 끓는점 범위: &gt; 360 ℃
인화점: 자료없음
증발속도: 자료없음
인화성(고체, 기체): 자료없음
인화 또는 폭발 범위의 상한/하한: - / -
증기압: (해당 안됨)
용해도: (물 용해도: 불용성. 용매 가용성: 가용성: 황산, 벤젠, 아세트산, 뜨거운 알코올. 약 용해성: 에테르)
증기밀도: (해당 안됨)
비중: 1.405  ((물=1))
n-옥탄올/물분배계수 (Kow): (없음)
자연발화온도: 자료없음
분해온도: 자료없음
점도: 자료없음
분자량: 208.22","외관: 자료없음
성상: 고체, 결정체, 분말
색상: 노란색에서 빨간색까지
냄새: 없음
냄새역치: 자료없음
pH: (해당 안됨)
녹는점/어는점: (없음)
초기 끓는점과 끓는점 범위: &gt; 360 ℃
인화점: 자료없음
증발속도: 자료없음
인화성(고체, 기체): 자료없음
인화 또는 폭발 범위의 상한/하한: - / -
증기압: (해당 안됨)
용해도: (물 용해도: 불용성. 용매 가용성: 가용성: 황산, 벤젠, 아세트산, 뜨거운 알코옲 약 용해성: 에테르)
증기밀도: (해당 안됨)
비중: 1.405  ((물=1))
n-옥탄올/물분배계수 (Kow): (없음)
자연발화온도: 자료없음
분해온도: 자료없음
점도: 자료없음
분자량: 208.22",0.994398,0.987840,False
run-2,048844,9,"외관: 자료없음
성상: 자료없음
색상: 자료없음
냄새: 자료없음
냄새역치: 자료없음
pH: 자료없음
녹는점/어는점: 자료없음
초기 끓는점과 끓는점 범위: 자료없음
인화점: 자료없음
증발속도: 자료없음
인화성(고체, 기체): 자료없음
인화 또는 폭발 범위의 상한/하한: 자료없음
증기압: 자료없음
용해도: 자료없음
증기밀도: 자료없음
비중: 자료없음
n-옥탄올/물분배계수 (Kow): 자료없음
자연발화온도: 자료없음
분해온도: 자료없음
점도: 자료없음
분자량: 자료없음","외관: 자료없음
성상: 자료없음
색상: 자료없음
냄새: 자료없음
냄새역치: 자료없음
pH: 자료없음
녹는점/어는점: 자료없음
초기 끓는점과 끓는점 범위: 자료없음
인화점: 자료없음
증발속도: 자료없음
인화성(고체, 기체): 자료없음
인화 또는 폭발 범위의 상한/하한: 자료없음
증기압: 자료없음
용해도: 자료없음
증기밀도: 자료없음
비중: 자료없음
n-옥탄올/물분배계수 (Kow): 자료없음
자연발화온도: 자료없음
분해온도: 자료없음
점도: 자료없음
분자량: 자료없음",1.000000,1.000000,True
run-2,006268,16,"자료의 출처: 자료없음
최초작성일자: 자료없음
개정횟수: 자료없음
최종 개정일자: 자료없음
기타: 자료없음","자료의 출처: 자료없음
최초작성일자: 자료없음
개정횟수: 자료없음
최종 개정일자: 자료없음
기타: 자료없음",1.000000,1.000000,True
run-2,034642,15,,,1.000000,1.000000,True
run-2,044614,10,"화학적 안정성 및 유해 반응의 가능성: 자료없음
피해야 할 조건: 자료없음
피해야 할 물질: 자료없음
분해시 생성되는 유해물질: 자료없음","화학적 안정성 및 유해 반응의 가능성: 자료없음
피해야 할 조건: 자료없음
피해야 할 물질: 자료없음
분해시 생성되는 유해물질: 자료없음",1.000000,1.000000,True
run-2,035903,3,"물질명: Maleic anhydride dipropylene glycol, propylene glycol polymer
CAS 번호: 56083-98-8
함유량(%): 100%","물질명: Maleic an퇴패ㄷㅍㅁ dipropylene glycol, propylene glycol polym매
CAS 번호: 56083-98-8
함유량(%): 100%",0.908163,0.858105,False
run-2,014848,16,"자료의 출처: 자료없음
최초작성일자: 자료없음
개정횟수: 자료없음
최종 개정일자: 자료없음
기타: 자료없음","자료의 출처: 자료없음
최초작성일자: 자료없음
개정횟수: 자료없음
최종 개정일자: 자료없음
기타: 자료없음",1.000000,1.000000,True
run-2,040145,1,"제품명: Polymer of tetrachlorobis(methanol)palladium and tin chloride (SnCl2)
제품의 권고 용도: 자료없음
제품의 사용상의 제한: 자료없음
회사명: 자료없음
주소: 자료없음
긴급전화번호: 자료없음","제품명: Polym매 of tetrachlorob더(met{⠝⠕⠇)palladium and t데 chloride (SnCl2)
제품의 권고 용도: 자료없음
제품의 사용상의 제한: 자료없음
회사명: 자료없음
주소: 자료없음
긴급전화번호: 자료없음",0.921429,0.852826,False
run-2,010184,2,"유해성·위험성 분류: 급성 독성(경구) : 구분3|피부 부식성/피부 자극성 : 구분2|심한 눈 손상성/눈 자극성 : 구분2|생식세포 변이원성 : 구분1B|생식독성 : 구분1B|특정표적장기 독성(1회 노출) : 구분3(호흡기 자극)
그림문자: GHS06.gif|GHS08.gif
신호어: 위험
유해·위험문구: H301 : 삼키면 유독함|H315 : 피부에 자극을 일으킴|H319 : 눈에 심한 자극을 일으킴|H335 : 호흡기 자극을 일으킬 수 있음|H340 : 유전적인 결함을 일으킬 수 있음(유전적인 결함을 일으키는 노출 경로를 기재한다. 단, 다른 노출경로에 의해 유전적인 결함을 일으키지 않는다는 결정적인 증거가 있는 경우에 한한다.)|H360 : 태아 또는 생식능력에 손상을 일으킬 수 있음(알려진 특정한 영향을 명시한다.)(생식독성을 일으키는 노출 경로를 기재한다. 단, 다른 노출경로에 의해 생식독성을 일으키지 않는다는 결정적인 증거가 있는 경우에 한한다.)
예방: P201 : 사용 전 취급 설명서를 확보하시오.|P202 : 모든 안전 예방조치 문구를 읽고 이해하기 전에는 취급하지 마시오.|P261 : 분진/흄/가스/미스트/증기/스프레이의 흡입을 피하시오.|P264 : 취급 후에는…을(를)철저히 씻으시오.|P270 : 이 제품을 사용할 때에는 먹거나,마시거나 흡연하지 마시오.|P271 : 옥외 또는 환기가 잘 되는 곳에서만 취급하시오.|P280 : 보호장갑/보호의/보안경/안면보호구를(을)착용하시오.
대응: P301+P310 : 삼켰다면:즉시 의료기관/의사/…의 진찰을 받으시오.|P302+P352 : 피부에 묻으면:다량의 물/…(으)로 씻으시오.|P304+P340 : 흡입하면:신선한 공기가 있는 곳으로 옮기고 호흡하기 쉬운 자세로 안정을 취하시오.|P305+P351+P338 : 눈에 묻으면:몇 분간 물로 조심해서 씻으시오.가능하면 콘택트렌즈를 제거하시오.계속 씻으시오.|P308+P313 : 노출되거나 노출이 우려되면:의학적인 조치/조언을 받으시오.|P312 : 불편함을 느끼면 의료기관/의사/…의 진찰을 받으시오.|P321 : …처치를 하시오.|P330 : 입을 씻어내시오.|P332+P313 : 피부 자극이 나타나면:의학적인 조치/조언을 받으시오.|P337+P313 : 눈에 자극이 지속되면:의학적인 조치/조언을 받으시오.|P362+P364 : 오염된 의류를 벗고 다시 사용 전 세척하시오.
저장: P403+P233 : 환기가 잘 되는 곳에 보관하시오.용기를 단단히 밀폐하시오.|P405 : 잠금장치를 하여 저장하시오.
폐기: P501 : 폐기물 관련 법령에 따라 내용물/용기를 폐기하시오
유해성·위험성 분류기준에 포함되지 않는 기타 유해성·위험성(예. 분진폭발 위험성): 자료없음","유해성·위험성 분류: 급성 독성(경구) : 구분3|피부 부식성/피부 자극성 : 구분2|심한 눈 손상성/눈 자극성 : 구분2|생식세포 변이원성 : 구분1B|생식독성 : 구분1B|특정표적장기 독성(1회 노출) : 구분3(호흡기 자극)
그림문자: GHS06.gif|GHS08.gif
신호어: 위험
유해·위험문구: H301 : 삼키면 유독함|H315 : 피부에 자극을 일으킴|H319 : 눈에 심한 자극을 일으킴|H335 : 호흡기 자극을 일으킬 수 있음|H340 : 유전적인 결함을 일으킬 수 있음(유전적인 결함을 일으키는 노출 경로를 기재한다. 단, 다른 노출경로에 의해 유전적인 결함을 일으키지 않는다는 결정적인 증거가 있는 경우에 한한다.)|H360 : 태아 또는 생식능력에 손상을 일으킬 수 있음(알려진 특정한 영향을 명시한다.)(생식독성을 일으키는 노출 경로를 기재한다. 단, 다른 노출경로에 의해 생식독성을 일으키지 않는다는 결정적인 증거가 있는 경우에 한한다.)
예방: P201 : 사용 전 취급 설명서를 확보하시오.|P202 : 모든 안전 예방조치 문구를 읽고 이해하기 전에는 취급하지 마시오.|P261 : 분진/흄/가스/미스트/증기/스프레이의 흡입을 피하시오.|P264 : 취급 후에는…을(를)철저히 씻으시오.|P270 : 이 제품을 사용할 때에는 먹거나,마시거나 흡연하지 마시오.|P271 : 옥외 또는 환기가 잘 되는 곳에서만 취급하시오.|P280 : 보호장갑/보호의/보안경/안면보호구를(을)착용하시오.
대응: P301+P310 : 삼켰다면:즉시 의료기관/의사/…의 진찰을 받으시오.|P302+P352 : 피부에 묻으면:다량의 물/…(으)로 씻으시오.|P304+P340 : 흡입하면:신선한 공기가 있는 곳으로 옮기고 호흡하기 쉬운 자세로 안정을 취하시오.|P305+P351+P338 : 눈에 묻으면:몇 분간 물로 조심해서 씻으시오.가능하면 콘택트렌즈를 제거하시오.계속 씻으시오.|P308+P313 : 노출되거나 노출이 우려되면:의학적인 조치/조언을 받으시오.|P312 : 불편함을 느끼면 의료기관/의사/…의 진찰을 받으시오.|P321 : …처치를 하시오.|P330 : 입을 씻어내시오.|P332+P313 : 피부 자극이 나타나면:의학적인 조치/조언을 받으시오.|P337+P313 : 눈에 자극이 지속되면:의학적인 조치/조언을 받으시오.|P362+P364 : 오염된 의류를 벗고 다시 사용 전 세척하시오.
저장: P403+P233 : 환기가 잘 되는 곳에 보관하시오.용기를 단단히 밀폐하시오.|P405 : 잠금장치를 하여 저장하시오.
폐기: P501 : 폐기물 관련 법령에 따라 내용물/용기를 폐기하시오
유해성·위험성 분류기준에 포함되지 않는 기타 유해성·위험성(예. 분진폭발 위험성): 자료없음",1.000000,1.000000,True
run-2,041795,4,"눈에 들어갔을 때: 물질과 접촉시 즉시 20분 이상 흐르는 물에 눈을 씻어내시오|즉시 의료조치를 취하시오
피부에 접촉했을 때: 물질과 접촉시 즉시 20분 이상 흐르는 물에 피부를 씻어내시오|오염된 옷과 신발을 제거하고 격리하시오|재사용 전에는 옷과 신발을 완전히 씻어내시오|즉시 의료조치를 취하시오
흡입했을 때: 긴급 의료조치를 받으시오|신선한 공기가 있는 곳으로 옮기시오|호흡하지 않는 경우 인공호흡을 실시하시오|호흡이 힘들 경우 산소를 공급하시오
먹었을 때: 의식이 없는 사람에게 입으로 아무것도 먹이지 마시오|즉시 의료조치를 취하시오
기타 의사의 주의사항: 의료인력이 해당물질에 대해 알고 보호조치를 취하도록 하시오","눈에 들어갔을 때: 물질과 접촉시 즉시 20분 이상 흐르는 물에 눈을 씻어내시오|즉시 의료조치를 취하시오
피부에 접촉했을 때: 물질과 접촉시 즉시 20분 이상 흐르는 물에 피부를 씻어내시오|오염된 옷과 신발을 제거하고 격리하시오|재사용 전에는 옷과 신발을 완전히 씻어내시오|즉시 의료조치를 취하시오
흡입했을 때: 긴급 의료조치를 받으시오|신선한 공기가 있는 곳으로 옮기시오|호흡하지 않는 경우 인공호흡을 실시하시오|호흡이 힘들 경우 산소를 공급하시오
먹었을 때: 의식이 없는 사람에게 입으로 아무것도 먹이지 마시오|즉시 의료조치를 취하시오
기타 의사의 주의사항: 의료인력이 해당물질에 대해 알고 보호조치를 취하도록 하시오",1.000000,1.000000,True
run-2,004742,1,"제품명: 트리프로필렌 글리콜(TRIPROPYLENE GLYCOL)
제품의 권고 용도: 자료없음
제품의 사용상의 제한: 자료없음
회사명: 자료없음
주소: 자료없음
긴급전화번호: 자료없음","제품명: 트리프로필렌 글리콜(TRIPROPYLENE GLYCOL)
제품의 권고 용도: 자료없음
제품의 사용상의 제한: 자료없음
회사명: 자료없음
주소: 자료없음
긴급전화번호: 자료없음",1.000000,1.000000,True
run-2,037404,5,"적절한(부적절한) 소화제: 자료없음
화학물질로부터 생기는 특정 유해성: 자료없음
화재진압시 착용할 보호구 및 예방조치: 자료없음","적절한(부적절한) 소화제: 자료없음
화학물질로부터 생기는 특정 유해성: 자료없음
화재진압시 착용할 보호구 및 예방조치: 자료없음",1.000000,1.000000,True
run-2,002739,4,"눈에 들어갔을 때: 물질과 접촉시 즉시 20분 이상 흐르는 물에 눈을 씻어내시오|즉시 의료조치를 취하시오
피부에 접촉했을 때: 물질과 접촉시 즉시 20분 이상 흐르는 물에 피부를 씻어내시오|오염된 옷과 신발을 제거하고 격리하시오|재사용 전에는 옷과 신발을 완전히 씻어내시오|즉시 의료조치를 취하시오
흡입했을 때: 긴급 의료조치를 받으시오|신선한 공기가 있는 곳으로 옮기시오|호흡하지 않는 경우 인공호흡을 실시하시오|호흡이 힘들 경우 산소를 공급하시오
먹었을 때: 의식이 없는 사람에게 입으로 아무것도 먹이지 마시오|즉시 의료조치를 취하시오
기타 의사의 주의사항: 의료인력이 해당물질에 대해 알고 보호조치를 취하도록 하시오|아드레날린 제제를 투여하지 마시오.","눈에 들어갔을 때: 물질과 접촉시 즉시 20분 이상 흐르는 물에 눈을 씻어내시오|즉시 의료조치를 취하시오
피부에 접촉했을 때: 물질과 접촉시 즉시 20분 이상 흐르는 물에 피부를 씻어내시오|오염된 옷과 신발을 제거하고 격리하시오|재사용 전에는 옷과 신발을 완전히 씻어내시오|즉시 의료조치를 취하시오
흡입했을 때: 긴급 의료조치를 받으시오|신선한 공기가 있는 곳으로 옮기시오|호흡하지 않는 경우 인공호흡을 실시하시오|호흡이 힘들 경우 산소를 공급하시오
먹었을 때: 의식이 없는 사람에게 입으로 아무것도 먹이지 마시오|즉시 의료조치를 취하시오
기타 의사의 주의사항: 의료인력이 해당물질에 대해 알고 보호조치를 취하도록 하시오|아드레날린 제제를 투여하지 마시오.",1.000000,1.000000,True
run-2,034058,12,"어류: 자료없음
갑각류: 자료없음
조류: 자료없음
잔류성: 자료없음
분해성: 자료없음
농축성: 자료없음
생분해성: 자료없음
토양이동성: 자료없음
기타 유해 영향: 자료없음","어류: 자료없음
갑각류: 자료없음
조류: 자료없음
잔류성: 자료없음
분해성: 자료없음
농축성: 자료없음
생분해성: 자료없음
토양이동성: 자료없음
기타 유해 영향: 자료없음",1.000000,1.000000,True
run-2,097557,15,"산업안전보건법에 의한 규제: 해당없음
화학물질관리법에 의한 규제: 해당없음
화학물질의 등록 및 평가 등에 관한 법률 규제: 기존화학물질
위험물안전관리법에 의한 규제: 해당없음
폐기물관리법에 의한 규제: 지정폐기물
국내규제: 해당없음
기타 국내 규제: 해당없음
미국관리정보(OSHA 규정): 해당없음
미국관리정보(CERCLA 규정): 해당없음
미국관리정보(EPCRA 302 규정): 해당없음
미국관리정보(EPCRA 304 규정): 해당없음
미국관리정보(EPCRA 313 규정): 해당없음
미국관리정보(로테르담협약물질): 해당없음
미국관리정보(스톡홀름협약물질): 해당없음
미국관리정보(몬트리올의정서물질): 해당없음
EU 분류정보(확정분류결과): Carc.Cat.2; R45
EU 분류정보(위험문구): R45
EU 분류정보(안전문구): S:53-45","산업안전보건법에 의한 규제: 해당없음
화학물질관리법에 의한 규제: 해당없음
화학물질의 등록 및 평가 등에 관한 법률 규제: 기존화학물질
위험물안전관리법에 의한 규제: 해당없음
폐기물관리법에 의한 규제: 지정폐기물
국내규제: 해당없음
기타 국내 규제: 해당없음
미국관리정보(OSHA 규정): 해당없음
미국관리정보(CERCLA 규정): 해당없음
미국관리정보(EPCRA 302 규정): 해당없음
미국관리정보(EPCRA 304 규정): 해당없음
미국관리정보(EPCRA 313 규정): 해당없음
미국관리정보(로테르담협약물질): 해당없음
미국관리정보(스톡홀름협약물질): 해당없음
미국관리정보(몬트리올의정서물질): 해당없음
EU 분류정보(확정분류결과): Carc.Cat.2; R45
EU 분류정보(위험문구): R45
EU 분류정보(안전문구): S:53-45",1.000000,1.000000,True
run-2,013878,16,"자료의 출처: CAMEO(성상)|EPISUITE(분자량)|EPISUITE(용해도)|HSDB(심한 눈손상 또는 자극성 )|HSDB, CAMEO(피부부식성 또는 자극성 )|IUCLID(pH)|IUCLID(갑각류)|IUCLID(경구)|IUCLID(녹는점/어는점)|IUCLID(생식독성)|IUCLID(생식세포변이원성)|IUCLID(인화점)|IUCLID(조류)|IUCLID(초기 끓는점과 끓는점 범위)
최초작성일자: 2009-12-04
개정횟수: 자료없음
최종 개정일자: 2025-08-08
기타: 자료없음","자료의 출처: CAMEO(성상)|EPISUITE(분자량)|EPISUITE(용해도)|HSDB(심한 눈손상 또는 자극성 )|HSDB, CAMEO(피부부식성 또는 자극성 )|IUCLID(pH)|IUCLID(갑각류)|IUCLID(경구)|IUCLID(녹는점/어는점)|IUCLID(생식독성)|IUCLID(생식세포변이원성)|IUCLID(인화점)|IUCLID(조류)|IUCLID(초기 끓는점과 끓는점 범위)
최초작성일자: 2009-12-04
개정횟수: 자료없음
최종 개정일자: 2025-08-08
기타: 자료없음",1.000000,1.000000,True
run-2,010606,12,"어류: 자료없음
갑각류: 자료없음
조류: 자료없음
잔류성: 자료없음
분해성: 자료없음
농축성: 자료없음
생분해성: 자료없음
토양이동성: 자료없음
기타 유해 영향: 자료없음","어류: 자료없음
갑각류: 자료없음
조류: 자료없음
잔류성: 자료없음
분해성: 자료없음
농축성: 자료없음
생분해성: 자료없음
토양이동성: 자료없음
기타 유해 영향: 자료없음",1.000000,1.000000,True
run-2,039976,5,"적절한(부적절한) 소화제: 자료없음
화학물질로부터 생기는 특정 유해성: 자료없음
화재진압시 착용할 보호구 및 예방조치: 자료없음","적절한(부적절한) 소화제: 자료없음
화학물질로부터 생기는 특정 유해성: 자료없음
화재진압시 착용할 보호구 및 예방조치: 자료없음",1.000000,1.000000,True
run-2,031935,2,"유해성·위험성 분류: 심한 눈 손상성/눈 자극성 : 구분2|급성 수생환경 유해성 : 구분1|만성 수생환경 유해성 : 구분1
그림문자: GHS07.gif|GHS09.gif
신호어: 경고
유해·위험문구: H319 : 눈에 심한 자극을 일으킴|H400 : 수생생물에 매우 유독함|H410 : 장기적인 영향에 의해 수생생물에게 매우 유독함
예방: P264 : 취급 후에는…을(를)철저히 씻으시오.|P273 : 환경으로 배출하지 마시오.|P280 : 보호장갑/보호의/보안경/안면보호구를(을)착용하시오.
대응: P305+P351+P338 : 눈에 묻으면:몇 분간 물로 조심해서 씻으시오.가능하면 콘택트렌즈를 제거하시오.계속 씻으시오.|P337+P313 : 눈에 자극이 지속되면:의학적인 조치/조언을 받으시오.|P391 : 누출물을 모으시오.
저장: 자료없음
폐기: P501 : 폐기물 관련 법령에 따라 내용물/용기를 폐기하시오
유해성·위험성 분류기준에 포함되지 않는 기타 유해성·위험성(예. 분진폭발 위험성): 자료없음","유해성·위험성 분류: 심한 눈 손상성/눈 자극성 : 구분2|급성 수생환경 유해성 : 구분1|만성 수생환경 유해성 : 구분1
그림문자: GHS07.gif|GHS09.gif
신호어: 경고
유해·위험문구: H319 : 눈에 심한 자극을 일으킴|H400 : 수생생물에 매우 유독함|H410 : 장기적인 영향에 의해 수생생물에게 매우 유독함
예방: P264 : 취급 후에는…을(를)철저히 씻으시오.|P273 : 환경으로 배출하지 마시오.|P280 : 보호장갑/보호의/보안경/안면보호구를(을)착용하시오.
대응: P305+P351+P338 : 눈에 묻으면:몇 분간 물로 조심해서 씻으시오.가능하면 콘택트렌즈를 제거하시오.계속 씻으시오.|P337+P313 : 눈에 자극이 지속되면:의학적인 조치/조언을 받으시오.|P391 : 누출물을 모으시오.
저장: 자료없음
폐기: P501 : 폐기물 관련 법령에 따라 내용물/용기를 폐기하시오
유해성·위험성 분류기준에 포함되지 않는 기타 유해성·위험성(예. 분진폭발 위험성): 자료없음",1.000000,1.000000,True
run-2,428257,6,"인체를 보호하기 위해 필요한 조치사항 및 보호구: 엎질러진 것을 즉시 닦아내고, 보호구 항의 예방조치를 따르시오.|노출물을 만지거나 걸어다니지 마시오|위험하지 않다면 누출을 멈추시오|분진 형성을 방지하시오|피해야할 물질 및 조건에 유의하시오
환경을 보호하기 위해 필요한 조치사항: 환경으로 배출하지 마시오. |수로, 하수구, 지하실, 밀폐공간으로의 유입을 방지하시오
정화 또는 제거 방법: 불활성 물질(예를 들어 건조한 모래 또는 흙)로 엎지른 것을 흡수하고, 화학폐기물 용기에 넣으시오.|액체를 흡수하고 오염된 지역을 세제와 물로 씻어 내시오.|다량 누출시 액체 누출물과 멀게하여 도랑을 만드시오|청결한 삽으로 누출물을 깨끗하고 건조한 용기에 담고 느슨하게 닫은 뒤 용기를 누출지역으로부터 옮기시오|분말 누출시 플라스틱 시트로 덮어 확산을 막고 건조한 상태로 유지하시오|소량 누출시 모래, 비가연성 물질로 흡수하고 용기에 담으시오","인체를 보호하기 위해 필요한 조치사항 및 보호구: 어.질러진 것을 즉시 닦아내고, 보호구 항의 예방조치를 따르시오.|노출물을 만지거나 걸어다니지 마시오|위험하지 않다면 누출을 멈추시오|분진 형성을 방지하시오|피해야할 물질 및 조건에 유의하시오
환경을 보호하기 위해 필요한 조치사항: 환경으로 배출하지 마시오. |수로, 하수구, 지하실, 밀폐공간으로의 유입을 방지하시오
정화 또는 제거 방법: 불활성 물질(예를 들어 건조한 모래 또는 흙)로 어.지른 것을 흡수하고, 화학폐기물 용기에 넣으시오.|액체를 흡수하고 오염된 지역을 세제와 물로 씻어 내시오.|다량 누출시 액체 누출물과 멀게하여 도랑을 만드시오|청결한 삽으로 누출물을 깨끗하고 건조한 용기에 담고 느슨하게 닫은 뒤 용기를 누출지역으로부터 옮기시오|분말 누출시 플라스틱 시트로 더.어 확산을 막고 건조한 상태로 유지하시오|소량 누출시 모래, 비가연성 물질로 흡수하고 용기에 담으시오",0.987179,0.975990,False
run-2,040330,8,"국내규정: |자료없음
ACGIH 규정: 자료없음
생물학적 노출기준: 자료없음
기타 노출기준: 자료없음
적절한 공학적 관리: 자료없음
호흡기 보호: |노출되는 물질의 물리화학적 특성에 맞는 산업안전보건공단의 인증을 필한 호흡용 보호구를 착용 하시오|-안면부 여과식 방진마스크 또는 공기여과식 방진마스크(고효율미립자여과재)또는 전동팬 부착 방진마스크(분진, 미스트, 흄용 여과재)|기체/액체물질의 경우 다음과 같은 호흡기 보호구가 권고됨 
-격리식 전면형 방독마스크(유기화합물용(산성가스인 경우 산성가스용)) 또는 격리식 반면형 방독마스크(유기화합물용(산성가스인 경우 산성가스용)) 또는 직결식 전면형 방독 마스크(유기화합물용(산성가스인 경우 산성가스용)) 또는 반면형 방독 마스크(유기화합물용(산성가스인 경우 산성가스용)) 또는 전동식 방독마스크|산소가 부족한 경우(&amp;lt;19.6%), 송기마스크, 혹은 자급식 호흡보호구를 착용하시오
눈 보호: 자료없음
손 보호: 자료없음
신체 보호: 자료없음","국내규정: |자료없음
ACGIH 규정: 자료없음
생물학적 노출기준: 자료없음
기타 노출기준: 자료없음
적절한 공학적 관리: 자료없음
호흡기 보호: |노출되는 물질의 물리화학적 특성에 맞는 산업안전보건공단의 인증을 필한 호흡용 보호구를 착용 하시오|-안면부 여과식 방진마스크 또는 공기여과식 방진마스크(고효율미립자여과재)또는 전동팬 부착 방진마스크(분진, 미스트, 흄용 여과재)|기체/액체물질의 경우 다음과 같은 호흡기 보호구가 권고됨 
-격리식 전면형 방독마스크(유기화합물용(산성가스인 경우 산성가스용)) 또는 격리식 반면형 방독마스크(유기화합물용(산성가스인 경우 산성가스용)) 또는 직결식 전면형 방독 마스크(유기화합물용(산성가스인 경우 산성가스용)) 또는 반면형 방독 마스크(유기화합물용(산성가스인 경우 산성가스용)) 또는 전동식 방독마스크|산소가 부족한 경우(&amp;lt;19.6%), 송기마스크, 혹은 자급식 호흡보호구를 착용하시오
눈 보호: 자료없음
손 보호: 자료없음
신체 보호: 자료없음",1.000000,1.000000,True
run-2,031204,15,,,1.000000,1.000000,True
run-2,020496,4,"눈에 들어갔을 때: 자료없음
피부에 접촉했을 때: 자료없음
흡입했을 때: 자료없음
먹었을 때: 자료없음
기타 의사의 주의사항: 자료없음","눈에 들어갔을 때: 자료없음
피부에 접촉했을 때: 자료없음
흡입했을 때: 자료없음
먹었을 때: 자료없음
기타 의사의 주의사항: 자료없음",1.000000,1.000000,True
run-2,038557,16,"자료의 출처: 자료없음
최초작성일자: 자료없음
개정횟수: 자료없음
최종 개정일자: 자료없음
기타: 자료없음","자료의 출처: 자료없음
최초작성일자: 자료없음
개정횟수: 자료없음
최종 개정일자: 자료없음
기타: 자료없음",1.000000,1.000000,True
run-2,025371,15,"산업안전보건법에 의한 규제: 해당없음
화학물질관리법에 의한 규제: 해당없음
화학물질의 등록 및 평가 등에 관한 법률 규제: 기존화학물질
위험물안전관리법에 의한 규제: 해당없음
폐기물관리법에 의한 규제: 해당없음
국내규제: 해당없음
기타 국내 규제: 해당없음
미국관리정보(OSHA 규정): 해당없음
미국관리정보(CERCLA 규정): 해당없음
미국관리정보(EPCRA 302 규정): 해당없음
미국관리정보(EPCRA 304 규정): 해당없음
미국관리정보(EPCRA 313 규정): 해당없음
미국관리정보(로테르담협약물질): 해당없음
미국관리정보(스톡홀름협약물질): 해당없음
미국관리정보(몬트리올의정서물질): 해당없음
EU 분류정보(확정분류결과): 해당없음
EU 분류정보(위험문구): 해당없음
EU 분류정보(안전문구): 해당없음","산업안전보건법에 의한 규제: 해당없음
화학물질관리법에 의한 규제: 해당없음
화학물질의 등록 및 평가 등에 관한 법률 규제: 기존화학물질
위험물안전관리법에 의한 규제: 해당없음
폐기물관리법에 의한 규제: 해당없음
국내규제: 해당없음
기타 국내 규제: 해당없음
미국관리정보(OSHA 규정): 해당없음
미국관리정보(CERCLA 규정): 해당없음
미국관리정보(EPCRA 302 규정): 해당없음
미국관리정보(EPCRA 304 규정): 해당없음
미국관리정보(EPCRA 313 규정): 해당없음
미국관리정보(로테르담협약물질): 해당없음
미국관리정보(스톡홀름협약물질): 해당없음
미국관리정보(몬트리올의정서물질): 해당없음
EU 분류정보(확정분류결과): 해당없음
EU 분류정보(위험문구): 해당없음
EU 분류정보(안전문구): 해당없음",1.000000,1.000000,True
run-2,029958,11,"가능성이 높은 노출 경로에 관한 정보: 자료없음
경구: 자료없음
경피: 자료없음
흡입: 자료없음
피부부식성 또는 자극성: 자료없음
심한 눈손상 또는 자극성: 자료없음
호흡기과민성: 자료없음
피부과민성: 자료없음
산업안전보건법: 자료없음
고용노동부고시: 자료없음
IARC: 자료없음
OSHA: 자료없음
ACGIH: 자료없음
NTP: 자료없음
EU CLP: 자료없음
환경부: 자료없음
NITE: 자료없음
생식세포변이원성: 자료없음
생식독성: 자료없음
특정 표적장기 독성 (1회 노출): 자료없음
특정 표적장기 독성 (반복 노출): 자료없음
흡인유해성: 자료없음
기타 유해성 영향: 자료없음","가능성이 노.은 노출 경로에 관한 정보: 자료없음
경구: 자료없음
경피: 자료없음
흡입: 자료없음
피부부식성 또는 자극성: 자료없음
심한 눈손상 또는 자극성: 자료없음
호흡기과민성: 자료없음
피부과민성: 자료없음
산업안전보건법: 자료없음
고용노동부고시: 자료없음
IARC: 자료없음
OSHA: 자료없음
ACGIH: 자료없음
NTP: 자료없음
EU CLP: 자료없음
환경부: 자료없음
NITE: 자료없음
생식세포변이원성: 자료없음
생식독성: 자료없음
특정 표적장기 독성 (1회 노출): 자료없음
특정 표적장기 독성 (반복 노출): 자료없음
흡인유해성: 자료없음
기타 유해성 영향: 자료없음",0.993902,0.988577,False
run-2,009674,9,"외관: 자료없음
성상: 자료없음
색상: 자료없음
냄새: 자료없음
냄새역치: 자료없음
pH: 자료없음
녹는점/어는점: 자료없음
초기 끓는점과 끓는점 범위: 자료없음
인화점: 자료없음
증발속도: 자료없음
인화성(고체, 기체): 자료없음
인화 또는 폭발 범위의 상한/하한: 자료없음
증기압: 자료없음
용해도: 자료없음
증기밀도: 자료없음
비중: 자료없음
n-옥탄올/물분배계수 (Kow): 자료없음
자연발화온도: 자료없음
분해온도: 자료없음
점도: 자료없음
분자량: 자료없음","외관: 자료없음
성상: 자료없음
색상: 자료없음
냄새: 자료없음
냄새역치: 자료없음
pH: 자료없음
녹는점/어는점: 자료없음
초기 끓는점과 끓는점 범위: 자료없음
인화점: 자료없음
증발속도: 자료없음
인화성(고체, 기체): 자료없음
인화 또는 폭발 범위의 상한/하한: 자료없음
증기압: 자료없음
용해도: 자료없음
증기밀도: 자료없음
비중: 자료없음
n-옥탄올/물분배계수 (Kow): 자료없음
자연발화온도: 자료없음
분해온도: 자료없음
점도: 자료없음
분자량: 자료없음",1.000000,1.000000,True
run-2,011324,4,"눈에 들어갔을 때: 물질과 접촉시 즉시 20분 이상 흐르는 물에 눈을 씻어내시오|즉시 의료조치를 취하시오
피부에 접촉했을 때: 물질과 접촉시 즉시 20분 이상 흐르는 물에 피부를 씻어내시오|오염된 옷과 신발을 제거하고 격리하시오|재사용 전에는 옷과 신발을 완전히 씻어내시오|즉시 의료조치를 취하시오
흡입했을 때: 긴급 의료조치를 받으시오|신선한 공기가 있는 곳으로 옮기시오|호흡하지 않는 경우 인공호흡을 실시하시오|호흡이 힘들 경우 산소를 공급하시오
먹었을 때: 의식이 없는 사람에게 입으로 아무것도 먹이지 마시오|즉시 의료조치를 취하시오
기타 의사의 주의사항: 의료인력이 해당물질에 대해 알고 보호조치를 취하도록 하시오|아드레날린 제제를 투여하지 마시오.","눈에 들어갔을 때: 물질과 접촉시 즉시 20분 이상 흐르는 물에 눈을 씻어내시오|즉시 의료조치를 취하시오
피부에 접촉했을 때: 물질과 접촉시 즉시 20분 이상 흐르는 물에 피부를 씻어내시오|오염된 옷과 신발을 제거하고 격리하시오|재사용 전에는 옷과 신발을 완전히 씻어내시오|즉시 의료조치를 취하시오
흡입했을 때: 긴급 의료조치를 받으시오|신선한 공기가 있는 곳으로 옮기시오|호흡하지 않는 경우 인공호흡을 실시하시오|호흡이 힘들 경우 산소를 공급하시오
먹었을 때: 의식이 없는 사람에게 입으로 아무것도 먹이지 마시오|즉시 의료조치를 취하시오
기타 의사의 주의사항: 의료인력이 해당물질에 대해 알고 보호조치를 취하도록 하시오|아드레날린 제제를 투여하지 마시오.",1.000000,1.000000,True
run-2,041441,1,"제품명: Safflower oil, polymd., polymer with benzoic acid, isophthalic acid, safflower oil, terephthalic acid and trimethylolethane -
제품의 권고 용도: 자료없음
제품의 사용상의 제한: 자료없음
회사명: 자료없음
주소: 자료없음
긴급전화번호: 자료없음","제품명: Safflow매 oil, polymd., polym매 with benzoic acid, isopht{⠇ㄷㄴ acid, safflow매 oil, t매뭐ㅌ⠞{⠇ㄷㄴ acid and trimethylolet{⠝ㅁ -
제품의 권고 용도: 자료없음
제품의 사용상의 제한: 자료없음
회사명: 자료없음
주소: 자료없음
긴급전화번호: 자료없음",0.867347,0.794193,False
run-2,007070,3,"물질명: 프로필 레드(PROPYL RED)
이명(관용명): 2-((4-(디프로필아미노)페닐)아조)벤조
CAS 번호: 2641-01-2
함유량(%): 100%","물질명: 프로필 레드(PROPYL RED)
이명(관용명): 2-((4-(디프로필아미노)페닐)아조)벤조
CAS 번호: 2641-01-2
함유량(%): 100%",1.000000,1.000000,True
run-2,036886,1,"제품명: 6-Methyl-4-(2-methyl-1-propenyl)-5-octen-2-one
제품의 권고 용도: 자료없음
제품의 사용상의 제한: 자료없음
회사명: 자료없음
주소: 자료없음
긴급전화번호: 자료없음","제품명: 6-Methyl-4-(2-methyl-1-propenyl)-5-oct메-2-one
제품의 권고 용도: 자료없음
제품의 사용상의 제한: 자료없음
회사명: 자료없음
주소: 자료없음
긴급전화번호: 자료없음",0.982906,0.962148,False
run-2,048751,3,"물질명: 나프탈렌
이명(관용명): NAPHTHALENE SCALES
CAS 번호: 91-20-3
함유량(%): 100%","물질명: 나프탈렌
이명(관용명): NAPHTHALENE SCALES
CAS 번호: 91-20-3
함유량(%): 100%",1.000000,1.000000,True
run-2,022430,1,"제품명: Cesium tetrachloroaurate
제품의 권고 용도: 자료없음
제품의 사용상의 제한: 자료없음
회사명: 자료없음
주소: 자료없음
긴급전화번호: 자료없음","제품명: C머도⠍ tetrachloroaurate
제품의 권고 용도: 자료없음
제품의 사용상의 제한: 자료없음
회사명: 자료없음
주소: 자료없음
긴급전화번호: 자료없음",0.947368,0.922539,False
run-2,097607,4,"눈에 들어갔을 때: 긴급 의료조치를 받으시오|물질과 접촉시 즉시 20분 이상 흐르는 물에 피부와 눈을 씻어내시오
피부에 접촉했을 때: 불편함을 느끼면 의학적인 조치·조언을 구하시오.|오염된 옷과 신발을 제거하고 오염지역을 격리하시오|물질과 접촉시 즉시 20분 이상 흐르는 물에 피부와 눈을 씻어내시오|경미한 피부 접촉 시 오염부위 확산을 방지하시오
흡입했을 때: 노출되거나 노출이 우려되면 의학적인 조치·조언을 구하시오.|신선한 공기가 있는 곳으로 옮기시오|호흡하지 않는 경우 인공호흡을 실시하시오|호흡이 힘들 경우 산소를 공급하시오|따뜻하게 하고 안정되게 해주시오
먹었을 때: 노출되거나 노출이 우려되면 의학적인 조치·조언을 구하시오.|물질을 먹거나 흡입하였을 경우 구강대구강법으로 인공호흡을 하지 말고 적절한 호흡의료장비를 이용하시오
기타 의사의 주의사항: 폭로시 의료진에게 연락하고 추적조사 등의 특별한 응급조치를 취하시오.|의료인력이 해당물질에 대해 인지하고 보호조치를 취하도록 하시오","눈에 들어갔을 때: 긴급 의료조치를 받으시오|물질과 접촉시 즉시 20분 이상 흐르는 물에 피부와 눈을 씻어내시오
피부에 접촉했을 때: 불편함을 느끼면 의학적인 조치·조언을 구하시오.|오염된 옷과 신발을 제거하고 오염지역을 격리하시오|물질과 접촉시 즉시 20분 이상 흐르는 물에 피부와 눈을 씻어내시오|경미한 피부 접촉 시 오염부위 확산을 방지하시오
흡입했을 때: 노출되거나 노출이 우려되면 의학적인 조치·조언을 구하시오.|신선한 공기가 있는 곳으로 옮기시오|호흡하지 않는 경우 인공호흡을 실시하시오|호흡이 힘들 경우 산소를 공급하시오|따뜻하게 하고 안정되게 해주시오
먹었을 때: 노출되거나 노출이 우려되면 의학적인 조치·조언을 구하시오.|물질을 먹거나 흡입하였을 경우 구강대구강법으로 인공호흡을 하지 말고 적절한 호흡의료장비를 이용하시오
기타 의사의 주의사항: 폭로시 의료진에게 연락하고 추적조사 등의 특별한 응급조치를 취하시오.|의료인력이 해당물질에 대해 인지하고 보호조치를 취하도록 하시오",1.000000,1.000000,True
run-2,025393,13,"폐기방법: 자료없음
폐기시 주의사항: 자료없음","폐기방법: 자료없음
폐기시 주의사항: 자료없음",1.000000,1.000000,True
run-2,044233,8,"국내규정: |자료없음
ACGIH 규정: 자료없음
생물학적 노출기준: 자료없음
기타 노출기준: 자료없음
적절한 공학적 관리: 자료없음
호흡기 보호: |노출되는 물질의 물리화학적 특성에 맞는 산업안전보건공단의 인증을 필한 호흡용 보호구를 착용 하시오|-안면부 여과식 방진마스크 또는 공기여과식 방진마스크(고효율미립자여과재)또는 전동팬 부착 방진마스크(분진, 미스트, 흄용 여과재)|기체/액체물질의 경우 다음과 같은 호흡기 보호구가 권고됨 
-격리식 전면형 방독마스크(유기화합물용(산성가스인 경우 산성가스용)) 또는 격리식 반면형 방독마스크(유기화합물용(산성가스인 경우 산성가스용)) 또는 직결식 전면형 방독 마스크(유기화합물용(산성가스인 경우 산성가스용)) 또는 반면형 방독 마스크(유기화합물용(산성가스인 경우 산성가스용)) 또는 전동식 방독마스크|산소가 부족한 경우(&amp;lt;19.6%), 송기마스크, 혹은 자급식 호흡보호구를 착용하시오
눈 보호: 자료없음
손 보호: 자료없음
신체 보호: 자료없음","국내규정: |자료없음
ACGIH 규정: 자료없음
생물학적 노출기준: 자료없음
기타 노출기준: 자료없음
적절한 공학적 관리: 자료없음
호흡기 보호: |노출되는 물질의 물리화학적 특성에 맞는 산업안전보건공단의 인증을 필한 호흡용 보호구를 착용 하시오|-안면부 여과식 방진마스크 또는 공기여과식 방진마스크(고효율미립자여과재)또는 전동팬 부착 방진마스크(분진, 미스트, 흄용 여과재)|기체/액체물질의 경우 다음과 같은 호흡기 보호구가 권고됨 
-격리식 전면형 방독마스크(유기화합물용(산성가스인 경우 산성가스용)) 또는 격리식 반면형 방독마스크(유기화합물용(산성가스인 경우 산성가스용)) 또는 직결식 전면형 방독 마스크(유기화합물용(산성가스인 경우 산성가스용)) 또는 반면형 방독 마스크(유기화합물용(산성가스인 경우 산성가스용)) 또는 전동식 방독마스크|산소가 부족한 경우(&amp;lt;19.6%), 송기마스크, 혹은 자급식 호흡보호구를 착용하시오
눈 보호: 자료없음
손 보호: 자료없음
신체 보호: 자료없음",1.000000,1.000000,True
run-2,034449,11,"가능성이 높은 노출 경로에 관한 정보: 자료없음
경구: 자료없음
경피: 자료없음
흡입: 자료없음
피부부식성 또는 자극성: 자료없음
심한 눈손상 또는 자극성: 자료없음
호흡기과민성: 자료없음
피부과민성: 자료없음
산업안전보건법: 자료없음
고용노동부고시: 자료없음
IARC: 자료없음
OSHA: 자료없음
ACGIH: 자료없음
NTP: 자료없음
EU CLP: 자료없음
환경부: 자료없음
NITE: 자료없음
생식세포변이원성: 자료없음
생식독성: 자료없음
특정 표적장기 독성 (1회 노출): 자료없음
특정 표적장기 독성 (반복 노출): 자료없음
흡인유해성: 자료없음
기타 유해성 영향: 자료없음","가능성이 노.은 노출 경로에 관한 정보: 자료없음
경구: 자료없음
경피: 자료없음
흡입: 자료없음
피부부식성 또는 자극성: 자료없음
심한 눈손상 또는 자극성: 자료없음
호흡기과민성: 자료없음
피부과민성: 자료없음
산업안전보건법: 자료없음
고용노동부고시: 자료없음
IARC: 자료없음
OSHA: 자료없음
ACGIH: 자료없음
NTP: 자료없음
EU CLP: 자료없음
환경부: 자료없음
NITE: 자료없음
생식세포변이원성: 자료없음
생식독성: 자료없음
특정 표적장기 독성 (1회 노출): 자료없음
특정 표적장기 독성 (반복 노출): 자료없음
흡인유해성: 자료없음
기타 유해성 영향: 자료없음",0.993902,0.988577,False
run-2,035038,13,"폐기방법: 자료없음
폐기시 주의사항: 자료없음","폐기방법: 자료없음
폐기시 주의사항: 자료없음",1.000000,1.000000,True
run-2,042926,16,"자료의 출처: 자료없음
최초작성일자: 자료없음
개정횟수: 자료없음
최종 개정일자: 자료없음
기타: 자료없음","자료의 출처: 자료없음
최초작성일자: 자료없음
개정횟수: 자료없음
최종 개정일자: 자료없음
기타: 자료없음",1.000000,1.000000,True
run-2,014141,4,"눈에 들어갔을 때: 자료없음
피부에 접촉했을 때: 자료없음
흡입했을 때: 자료없음
먹었을 때: 자료없음
기타 의사의 주의사항: 자료없음","눈에 들어갔을 때: 자료없음
피부에 접촉했을 때: 자료없음
흡입했을 때: 자료없음
먹었을 때: 자료없음
기타 의사의 주의사항: 자료없음",1.000000,1.000000,True
run-2,022082,8,"국내규정: |자료없음
ACGIH 규정: 자료없음
생물학적 노출기준: 자료없음
기타 노출기준: 자료없음
적절한 공학적 관리: 자료없음
호흡기 보호: |노출되는 물질의 물리화학적 특성에 맞는 산업안전보건공단의 인증을 필한 호흡용 보호구를 착용 하시오|-안면부 여과식 방진마스크 또는 공기여과식 방진마스크(고효율미립자여과재)또는 전동팬 부착 방진마스크(분진, 미스트, 흄용 여과재)|기체/액체물질의 경우 다음과 같은 호흡기 보호구가 권고됨 
-격리식 전면형 방독마스크(유기화합물용(산성가스인 경우 산성가스용)) 또는 격리식 반면형 방독마스크(유기화합물용(산성가스인 경우 산성가스용)) 또는 직결식 전면형 방독 마스크(유기화합물용(산성가스인 경우 산성가스용)) 또는 반면형 방독 마스크(유기화합물용(산성가스인 경우 산성가스용)) 또는 전동식 방독마스크|산소가 부족한 경우(&amp;lt;19.6%), 송기마스크, 혹은 자급식 호흡보호구를 착용하시오
눈 보호: 자료없음
손 보호: 자료없음
신체 보호: 자료없음","국내규정: |자료없음
ACGIH 규정: 자료없음
생물학적 노출기준: 자료없음
기타 노출기준: 자료없음
적절한 공학적 관리: 자료없음
호흡기 보호: |노출되는 물질의 물리화학적 특성에 맞는 산업안전보건공단의 인증을 필한 호흡용 보호구를 착용 하시오|-안면부 여과식 방진마스크 또는 공기여과식 방진마스크(고효율미립자여과재)또는 전동팬 부착 방진마스크(분진, 미스트, 흄용 여과재)|기체/액체물질의 경우 다음과 같은 호흡기 보호구가 권고됨 
-격리식 전면형 방독마스크(유기화합물용(산성가스인 경우 산성가스용)) 또는 격리식 반면형 방독마스크(유기화합물용(산성가스인 경우 산성가스용)) 또는 직결식 전면형 방독 마스크(유기화합물용(산성가스인 경우 산성가스용)) 또는 반면형 방독 마스크(유기화합물용(산성가스인 경우 산성가스용)) 또는 전동식 방독마스크|산소가 부족한 경우(&amp;lt;19.6%), 송기마스크, 혹은 자급식 호흡보호구를 착용하시오
눈 보호: 자료없음
손 보호: 자료없음
신체 보호: 자료없음",1.000000,1.000000,True
run-2,010745,2,"유해성·위험성 분류: 자료없음
그림문자: 자료없음
신호어: 자료없음
유해·위험문구: 자료없음
예방: 자료없음
대응: 자료없음
저장: 자료없음
폐기: 자료없음
유해성·위험성 분류기준에 포함되지 않는 기타 유해성·위험성(예. 분진폭발 위험성): 자료없음","유해성·위험성 분류: 자료없음
그림문자: 자료없음
신호어: 자료없음
유해·위험문구: 자료없음
예방: 자료없음
대응: 자료없음
저장: 자료없음
폐기: 자료없음
유해성·위험성 분류기준에 포함되지 않는 기타 유해성·위험성(예. 분진폭발 위험성): 자료없음",1.000000,1.000000,True
run-2,025307,7,"안전취급요령: 용기가 비워진 후에도 제품 찌꺼기가 남아 있을 수 있으므로 모든 MSDS/라벨 예방조치를 따르시오.|피해야할 물질 및 조건에 유의하시오|공학적 관리 및 개인보호구를 참조하여 작업하시오|고온에 주의하시오
안전한 저장방법: 피해야할 물질 및 조건에 유의하시오","안전취급요령: 용기가 비워진 후에도 제품 찌꺼기가 남아 있을 수 있으므로 모든 MSDS/라벨 예방조치를 따르시오.|피해야할 물질 및 조건에 유의하시오|공학적 관리 및 개인보호구를 참조하여 작업하시오|고온에 주의하시오
안전한 저장방법: 피해야할 물질 및 조건에 유의하시오",1.000000,1.000000,True
run-2,036683,11,"가능성이 높은 노출 경로에 관한 정보: 자극, 화상, 현기증, 질식을 일으킬 수 있음
자극, 화상을 일으킬 수 있음
경구: 자료없음
경피: 자료없음
흡입: 자료없음
피부부식성 또는 자극성: 자료없음
심한 눈손상 또는 자극성: SEV/MOD=0.144, 자극있음|※출처 : TOPKAT
호흡기과민성: 자료없음
피부과민성: 자료없음
산업안전보건법: 자료없음
고용노동부고시: 자료없음
IARC: 자료없음
OSHA: 자료없음
ACGIH: 자료없음
NTP: 자료없음
EU CLP: 자료없음
환경부: 자료없음
NITE: 자료없음
생식세포변이원성: 자료없음
생식독성: 자료없음
특정 표적장기 독성 (1회 노출): 자료없음
특정 표적장기 독성 (반복 노출): 자료없음
흡인유해성: 자료없음
기타 유해성 영향: 자료없음","가능성이 노.은 노출 경로에 관한 정보: 자극, 화상, 현기증, 질식을 일으킬 수 있음
자극, 화상을 일으킬 수 있음
경구: 자료없음
경피: 자료없음
흡입: 자료없음
피부부식성 또는 자극성: 자료없음
심한 눈손상 또는 자극성: SEV/MOD=0.144, 자극있음|※출처 : TOPKAT
호흡기과민성: 자료없음
피부과민성: 자료없음
산업안전보건법: 자료없음
고용노동부고시: 자료없음
IARC: 자료없음
OSHA: 자료없음
ACGIH: 자료없음
NTP: 자료없음
EU CLP: 자료없음
환경부: 자료없음
NITE: 자료없음
생식세포변이원성: 자료없음
생식독성: 자료없음
특정 표적장기 독성 (1회 노출): 자료없음
특정 표적장기 독성 (반복 노출): 자료없음
흡인유해성: 자료없음
기타 유해성 영향: 자료없음",0.994924,0.990511,False
run-2,020408,12,"어류: 자료없음
갑각류: 자료없음
조류: 자료없음
잔류성: 자료없음
분해성: 자료없음
농축성: 자료없음
생분해성: 자료없음
토양이동성: 170600000000 |※출처 : EPISUITE v4.1
기타 유해 영향: 자료없음","어류: 자료없음
갑각류: 자료없음
조류: 자료없음
잔류성: 자료없음
분해성: 자료없음
농축성: 자료없음
생분해성: 자료없음
토양이동성: 170600000000 |※출처 : EPISUITE v4.1
기타 유해 영향: 자료없음",1.000000,1.000000,True
run-2,035443,2,"유해성·위험성 분류: 자료없음
그림문자: 자료없음
신호어: 자료없음
유해·위험문구: 자료없음
예방: 자료없음
대응: 자료없음
저장: 자료없음
폐기: 자료없음
유해성·위험성 분류기준에 포함되지 않는 기타 유해성·위험성(예. 분진폭발 위험성): 자료없음","유해성·위험성 분류: 자료없음
그림문자: 자료없음
신호어: 자료없음
유해·위험문구: 자료없음
예방: 자료없음
대응: 자료없음
저장: 자료없음
폐기: 자료없음
유해성·위험성 분류기준에 포함되지 않는 기타 유해성·위험성(예. 분진폭발 위험성): 자료없음",1.000000,1.000000,True
run-2,045095,5,"적절한(부적절한) 소화제: 자료없음
화학물질로부터 생기는 특정 유해성: 자료없음
화재진압시 착용할 보호구 및 예방조치: 자료없음","적절한(부적절한) 소화제: 자료없음
화학물질로부터 생기는 특정 유해성: 자료없음
화재진압시 착용할 보호구 및 예방조치: 자료없음",1.000000,1.000000,True
run-2,005238,8,"국내규정: |자료없음
ACGIH 규정: 자료없음
생물학적 노출기준: 자료없음
기타 노출기준: 자료없음
적절한 공학적 관리: 자료없음
호흡기 보호: |노출되는 물질의 물리화학적 특성에 맞는 산업안전보건공단의 인증을 필한 호흡용 보호구를 착용 하시오|-안면부 여과식 방진마스크 또는 공기여과식 방진마스크(고효율미립자여과재)또는 전동팬 부착 방진마스크(분진, 미스트, 흄용 여과재)|기체/액체물질의 경우 다음과 같은 호흡기 보호구가 권고됨 
-격리식 전면형 방독마스크(유기화합물용(산성가스인 경우 산성가스용)) 또는 격리식 반면형 방독마스크(유기화합물용(산성가스인 경우 산성가스용)) 또는 직결식 전면형 방독 마스크(유기화합물용(산성가스인 경우 산성가스용)) 또는 반면형 방독 마스크(유기화합물용(산성가스인 경우 산성가스용)) 또는 전동식 방독마스크|산소가 부족한 경우(&amp;lt;19.6%), 송기마스크, 혹은 자급식 호흡보호구를 착용하시오
눈 보호: 자료없음
손 보호: 자료없음
신체 보호: 자료없음","국내규정: |자료없음
ACGIH 규정: 자료없음
생물학적 노출기준: 자료없음
기타 노출기준: 자료없음
적절한 공학적 관리: 자료없음
호흡기 보호: |노출되는 물질의 물리화학적 특성에 맞는 산업안전보건공단의 인증을 필한 호흡용 보호구를 착용 하시오|-안면부 여과식 방진마스크 또는 공기여과식 방진마스크(고효율미립자여과재)또는 전동팬 부착 방진마스크(분진, 미스트, 흄용 여과재)|기체/액체물질의 경우 다음과 같은 호흡기 보호구가 권고됨 
-격리식 전면형 방독마스크(유기화합물용(산성가스인 경우 산성가스용)) 또는 격리식 반면형 방독마스크(유기화합물용(산성가스인 경우 산성가스용)) 또는 직결식 전면형 방독 마스크(유기화합물용(산성가스인 경우 산성가스용)) 또는 반면형 방독 마스크(유기화합물용(산성가스인 경우 산성가스용)) 또는 전동식 방독마스크|산소가 부족한 경우(&amp;lt;19.6%), 송기마스크, 혹은 자급식 호흡보호구를 착용하시오
눈 보호: 자료없음
손 보호: 자료없음
신체 보호: 자료없음",1.000000,1.000000,True
run-2,035287,9,"외관: 자료없음
성상: 자료없음
색상: 자료없음
냄새: 자료없음
냄새역치: 자료없음
pH: 자료없음
녹는점/어는점: 자료없음
초기 끓는점과 끓는점 범위: 자료없음
인화점: 자료없음
증발속도: 자료없음
인화성(고체, 기체): 자료없음
인화 또는 폭발 범위의 상한/하한: 자료없음
증기압: 자료없음
용해도: 자료없음
증기밀도: 자료없음
비중: 자료없음
n-옥탄올/물분배계수 (Kow): 자료없음
자연발화온도: 자료없음
분해온도: 자료없음
점도: 자료없음
분자량: 자료없음","외관: 자료없음
성상: 자료없음
색상: 자료없음
냄새: 자료없음
냄새역치: 자료없음
pH: 자료없음
녹는점/어는점: 자료없음
초기 끓는점과 끓는점 범위: 자료없음
인화점: 자료없음
증발속도: 자료없음
인화성(고체, 기체): 자료없음
인화 또는 폭발 범위의 상한/하한: 자료없음
증기압: 자료없음
용해도: 자료없음
증기밀도: 자료없음
비중: 자료없음
n-옥탄올/물분배계수 (Kow): 자료없음
자연발화온도: 자료없음
분해온도: 자료없음
점도: 자료없음
분자량: 자료없음",1.000000,1.000000,True
run-2,096714,8,"국내규정: |TWA : 2.5mg/m3(Fluorides, as F)
ACGIH 규정: TWA   2.5 ㎎/㎥※ (Fluorides, as F)
생물학적 노출기준: |3 mg/g creatinine (Prior to shift, Fluorides in urine), 10 mg/g creatinine (End of shift, Fluorides in urine)
기타 노출기준: 자료없음
적절한 공학적 관리: |공정격리, 국소배기를 사용하거나 공기수준을 노출기준 이하로 유지하시오
호흡기 보호: (Fluorides, as F)|노출농도가 125 mg/m3보다 낮을 경우 적절한 필터 또는 정화통을 장착한 전면형 또는 전동식 반면형 또는 공기 공급형 연속흐름식/압력요구식 반면형 호흡보호구를 착용하시오|노출농도가 2500 mg/m3보다 낮을 경우 적절한 필터 또는 정화통을 장착한 전면형 또는 헬멧/후드 타입, 압력요구식 송기마스크를 착용하시오|노출농도가 25000 mg/m3보다 낮을 경우 적절한 필터 또는 정화통을 장착한 자가공기공급식(SCBA) 또는 압력요구식 자가공기공급식(SCBA) 호흡보호구를 착용하시오|노출되는 기체/액체 물리화학적 특성에 맞는 한국산업안전보건공단의 인증을 필한 호흡용 보호구를 착용하시오|노출농도가 25 mg/m3보다 낮을 경우 적절한 필터 또는 정화통을 장착한 반면형 호흡보호구를 착용하시오|노출농도가 62.5 mg/m3보다 낮을 경우 적절한 필터 또는 정화통을 장착한 비밀착형(loose-fitting) 후드/헬멧형 전동식 호흡보호구 혹은 연속흐름식 방진마스크/방독마스크(방진마스크는 액체 에어로졸인 경우에만 해당)를 착용하시오
눈 보호: |눈의 자극을 일으키거나 기타 건강상의 장해를 일으키는 증기 상태의 유기물질로부터 눈을 보호하기 위해서는 보안경 혹은 통기성 고글을 착용하시오||근로자가 접근이 용이한 위치에 긴급세척시설(샤워식) 및 세안설비를 설치하시오
손 보호: |화학물질의 물리적 및 화학적 특성을 고려하여 적절한 재질의 보호장갑을 착용하시오
신체 보호: |화학물질의 물리적 및 화학적 특성을 고려하여 적절한 재질의 보호의복을 착용하시오","국내규정: |TWA : 2.5mg/m3(Fluorid머, as F)
ACGIH 규정: TWA   2.5 ㎎/㎥※ (Fluorid머, as F)
생물학적 노출기준: |3 mg/g creat데데ㅁ (Prior to shift, Fluorid머 ⠴데 urine), 10 mg/g creat데데ㅁ (End of shift, Fluorid머 ⠴데 urine)
기타 노출기준: 자료없음
적절한 공학적 관리: |공정격리, 국소배기를 사용하거나 공기수준을 노출기준 이하로 유지하시오
호흡기 보호: (Fluorid머, as F)|노출농도가 125 mg/m3보다 낮을 경우 적절한 필터 또는 정화통을 장착한 전면형 또는 전동식 반면형 또는 공기 공급형 연속흐름식/압력요구식 반면형 호흡보호구를 착용하시오|노출농도가 2500 mg/m3보다 낮을 경우 적절한 필터 또는 정화통을 장착한 전면형 또는 헬멧/후드 타입, 압력요구식 송기마스크를 착용하시오|노출농도가 25000 mg/m3보다 낮을 경우 적절한 필터 또는 정화통을 장착한 자가공기공급식(SCBA) 또는 압력요구식 자가공기공급식(SCBA) 호흡보호구를 착용하시오|노출되는 기체/액체 물리화학적 특성에 맞는 한국산업안전보건공단의 인증을 필한 호흡용 보호구를 착용하시오|노출농도가 25 mg/m3보다 낮을 경우 적절한 필터 또는 정화통을 장착한 반면형 호흡보호구를 착용하시오|노출농도가 62.5 mg/m3보다 낮을 경우 적절한 필터 또는 정화통을 장착한 비밀착형(loose-fitting) 후드/헬멧형 전동식 호흡보호구 혹은 연속흐름식 방진마스크/방독마스크(방진마스크는 액체 에어로졸인 경우에만 해당)를 착용하시오
눈 보호: |눈의 자극을 일으키거나 기타 건강상의 장해를 일으키는 증기 상태의 유기물질로부터 눈을 보호하기 위해서는 보안경 혹은 통기성 고글을 착용하시오||근로자가 접근이 용이한 위치에 긴급세척시설(샤워식) 및 세안설비를 설치하시오
손 보호: |화학물질의 물리적 및 화학적 특성을 고려하여 적절한 재질의 보호장갑을 착용하시오
신체 보호: |화학물질의 물리적 및 화학적 특성을 고려하여 적절한 재질의 보호의복을 착용하시오",0.977208,0.960535,False
run-2,037746,6,"인체를 보호하기 위해 필요한 조치사항 및 보호구: 자료없음
환경을 보호하기 위해 필요한 조치사항: 자료없음
정화 또는 제거 방법: 자료없음","인체를 보호하기 위해 필요한 조치사항 및 보호구: 자료없음
환경을 보호하기 위해 필요한 조치사항: 자료없음
정화 또는 제거 방법: 자료없음",1.000000,1.000000,True
run-2,015809,2,"유해성·위험성 분류: 피부 부식성/피부 자극성 : 구분1
그림문자: GHS05.gif
신호어: 위험
유해·위험문구: H314 : 피부에 심한 화상과 눈에 손상을 일으킴
예방: P260 : 분진/흄/가스/미스트/증기/스프레이를(을)흡입하지 마시오.|P264 : 취급 후에는…을(를)철저히 씻으시오.|P280 : 보호장갑/보호의/보안경/안면보호구를(을)착용하시오.
대응: P301+P330+P331 : 삼켰다면:입을 씻어내시오.토하게 하지 마시오.|P303+P361+P353 : 피부(또는 머리카락)에 묻으면:오염된 모든 의류를 즉시 벗으시오.피부를 물로 씻으시오[또는 샤워하시오].|P304+P340 : 흡입하면:신선한 공기가 있는 곳으로 옮기고 호흡하기 쉬운 자세로 안정을 취하시오.|P305+P351+P338 : 눈에 묻으면:몇 분간 물로 조심해서 씻으시오.가능하면 콘택트렌즈를 제거하시오.계속 씻으시오.|P310 : 즉시 의료기관/의사/…의 진찰을 받으시오.|P321 : …처치를 하시오.|P363 : 다시 사용 전 오염된 의류를 세척하시오.
저장: P405 : 잠금장치를 하여 저장하시오.
폐기: P501 : 폐기물 관련 법령에 따라 내용물/용기를 폐기하시오
유해성·위험성 분류기준에 포함되지 않는 기타 유해성·위험성(예. 분진폭발 위험성): 자료없음","유해성·위험성 분류: 피부 부식성/피부 자극성 : 구분1
그림문자: GHS05.gif
신호어: 위험
유해·위험문구: H314 : 피부에 심한 화상과 눈에 손상을 일으킴
예방: P260 : 분진/흄/가스/미스트/증기/스프레이를(을)흡입하지 마시오.|P264 : 취급 후에는…을(를)철저히 씻으시오.|P280 : 보호장갑/보호의/보안경/안면보호구를(을)착용하시오.
대응: P301+P330+P331 : 삼켰다면:입을 씻어내시오.토하게 하지 마시오.|P303+P361+P353 : 피부(또는 머리카락)에 묻으면:오염된 모든 의류를 즉시 벗으시오.피부를 물로 씻으시오[또는 샤워하시오].|P304+P340 : 흡입하면:신선한 공기가 있는 곳으로 옮기고 호흡하기 쉬운 자세로 안정을 취하시오.|P305+P351+P338 : 눈에 묻으면:몇 분간 물로 조심해서 씻으시오.가능하면 콘택트렌즈를 제거하시오.계속 씻으시오.|P310 : 즉시 의료기관/의사/…의 진찰을 받으시오.|P321 : …처치를 하시오.|P363 : 다시 사용 전 오염된 의류를 세척하시오.
저장: P405 : 잠금장치를 하여 저장하시오.
폐기: P501 : 폐기물 관련 법령에 따라 내용물/용기를 폐기하시오
유해성·위험성 분류기준에 포함되지 않는 기타 유해성·위험성(예. 분진폭발 위험성): 자료없음",1.000000,1.000000,True
run-2,024519,16,"자료의 출처: 자료없음
최초작성일자: 자료없음
개정횟수: 자료없음
최종 개정일자: 자료없음
기타: 자료없음","자료의 출처: 자료없음
최초작성일자: 자료없음
개정횟수: 자료없음
최종 개정일자: 자료없음
기타: 자료없음",1.000000,1.000000,True
run-2,017587,2,"유해성·위험성 분류: 피부 부식성/피부 자극성 : 구분2|심한 눈 손상성/눈 자극성 : 구분2
그림문자: GHS07.gif
신호어: 경고
유해·위험문구: H315 : 피부에 자극을 일으킴|H319 : 눈에 심한 자극을 일으킴
예방: P264 : 취급 후에는…을(를)철저히 씻으시오.|P280 : 보호장갑/보호의/보안경/안면보호구를(을)착용하시오.
대응: P302+P352 : 피부에 묻으면:다량의 물/…(으)로 씻으시오.|P305+P351+P338 : 눈에 묻으면:몇 분간 물로 조심해서 씻으시오.가능하면 콘택트렌즈를 제거하시오.계속 씻으시오.|P321 : …처치를 하시오.|P332+P313 : 피부 자극이 나타나면:의학적인 조치/조언을 받으시오.|P337+P313 : 눈에 자극이 지속되면:의학적인 조치/조언을 받으시오.|P362+P364 : 오염된 의류를 벗고 다시 사용 전 세척하시오.
저장: 자료없음
폐기: 자료없음
유해성·위험성 분류기준에 포함되지 않는 기타 유해성·위험성(예. 분진폭발 위험성): 자료없음","유해성·위험성 분류: 피부 부식성/피부 자극성 : 구분2|심한 눈 손상성/눈 자극성 : 구분2
그림문자: GHS07.gif
신호어: 경고
유해·위험문구: H315 : 피부에 자극을 일으킴|H319 : 눈에 심한 자극을 일으킴
예방: P264 : 취급 후에는…을(를)철저히 씻으시오.|P280 : 보호장갑/보호의/보안경/안면보호구를(을)착용하시오.
대응: P302+P352 : 피부에 묻으면:다량의 물/…(으)로 씻으시오.|P305+P351+P338 : 눈에 묻으면:몇 분간 물로 조심해서 씻으시오.가능하면 콘택트렌즈를 제거하시오.계속 씻으시오.|P321 : …처치를 하시오.|P332+P313 : 피부 자극이 나타나면:의학적인 조치/조언을 받으시오.|P337+P313 : 눈에 자극이 지속되면:의학적인 조치/조언을 받으시오.|P362+P364 : 오염된 의류를 벗고 다시 사용 전 세척하시오.
저장: 자료없음
폐기: 자료없음
유해성·위험성 분류기준에 포함되지 않는 기타 유해성·위험성(예. 분진폭발 위험성): 자료없음",1.000000,1.000000,True
run-3,032377,2,"유해성·위험성 분류: 자료없음
그림문자: 자료없음
신호어: 자료없음
유해·위험문구: 자료없음
예방: 자료없음
대응: 자료없음
저장: 자료없음
폐기: 자료없음
유해성·위험성 분류기준에 포함되지 않는 기타 유해성·위험성(예. 분진폭발 위험성): 자료없음","유해성·위험성 분류: 자료없음
그림문자: 자료없음
신호어: 자료없음
유해·위험문구: 자료없음
예방: 자료없음
대응: 자료없음
저장: 자료없음
폐기: 자료없음
유해성·위험성 분류기준에 포함되지 않는 기타 유해성·위험성(예. 분진폭발 위험성): 자료없음",1.000000,1.000000,True
run-3,042221,2,"유해성·위험성 분류: 자료없음
그림문자: 자료없음
신호어: 자료없음
유해·위험문구: 자료없음
예방: 자료없음
대응: 자료없음
저장: 자료없음
폐기: 자료없음
유해성·위험성 분류기준에 포함되지 않는 기타 유해성·위험성(예. 분진폭발 위험성): 자료없음","유해성·위험성 분류: 자료없음
그림문자: 자료없음
신호어: 자료없음
유해·위험문구: 자료없음
예방: 자료없음
대응: 자료없음
저장: 자료없음
폐기: 자료없음
유해성·위험성 분류기준에 포함되지 않는 기타 유해성·위험성(예. 분진폭발 위험성): 자료없음",1.000000,1.000000,True
run-3,026460,13,"폐기방법: 1) 소각하시오.|2) 증발ㆍ농축방법으로 처리한 후 그 잔재물은 소각하시오|3) 분리ㆍ증류ㆍ추출ㆍ여과의 방법으로 정제한 후 그 잔재물은 소각하시오.|4) 중화ㆍ산화ㆍ환원ㆍ중합ㆍ축합의 반응을 이용하여 처리한 후 발생하는 잔재물은 소각하거나, 응집ㆍ침전ㆍ여과ㆍ탈수의 방법으로 다시 처리한 후 그 잔재물은 소각하시오.
폐기시 주의사항: (관련 법규에 명시된 내용에 따라) 내용물 용기를 폐기하시오.","폐기방법: 1- 소각하시오.|2- 증발ㆍ농축방법으로 처리한 후 그 잔재물은 소각하시오|3- 분리ㆍ증류ㆍ추출ㆍ여과의 방법으로 정제한 후 그 잔재물은 소각하시오.|4- 중화ㆍ산화ㆍ환원ㆍ중합ㆍ축합의 반응을 이용하여 처리한 후 발생하는 잔재물은 소각하거나, 응집ㆍ침전ㆍ여과ㆍ탈수의 방법으로 다시 처리한 후 그 잔재물은 소각하시오.
폐기시 주의사항: (관련 법규에 명시된 내용에 따라) 내용물 용기를 폐기하시오.",0.982222,0.936839,False
run-3,019227,16,"자료의 출처: 자료없음
최초작성일자: 자료없음
개정횟수: 자료없음
최종 개정일자: 자료없음
기타: 자료없음","자료의 출처: 자료없음
최초작성일자: 자료없음
개정횟수: 자료없음
최종 개정일자: 자료없음
기타: 자료없음",1.000000,1.000000,True
run-3,009925,14,"유엔번호(UN No.): UN 운송위험물질 분류정보가 없음
적정선적명: 해당없음
운송에서의 위험성 등급: 해당없음
용기등급: 해당없음
해양오염물질: 자료없음
화재시 비상조치: 해당없음
유출시 비상조치: 해당없음","유엔번호(UN No.): UN 운송위험물질 분류정보가 없음
적정선적명: 해당없음
운송에서의 위험성 등급: 해당없음
용기등급: 해당없음
해양오염물질: 자료없음
화재시 비상조치: 해당없음
유출시 비상조치: 해당없음",1.000000,1.000000,True
run-3,013335,12,"어류: 자료없음
갑각류: 자료없음
조류: 자료없음
잔류성: 5.40 ~ 18.02 log Kow  (예상치)|※출처 : ECHA
분해성: 자료없음
농축성: 자료없음
생분해성: 자료없음
토양이동성: 자료없음
기타 유해 영향: 자료없음","어류: 자료없음
갑각류: 자료없음
조류: 자료없음
잔류성: 5.40 ~ 18.02 log Kow  (예상치)|※출처 : ECHA
분해성: 자료없음
농축성: 자료없음
생분해성: 자료없음
토양이동성: 자료없음
기타 유해 영향: 자료없음",1.000000,1.000000,True
run-3,046694,16,"자료의 출처: 자료없음
최초작성일자: 자료없음
개정횟수: 자료없음
최종 개정일자: 자료없음
기타: 자료없음","자료의 출처: 자료없음
최초작성일자: 자료없음
개정횟수: 자료없음
최종 개정일자: 자료없음
기타: 자료없음",1.000000,1.000000,True
run-3,000422,13,"폐기방법: 자료없음
폐기시 주의사항: (관련 법규에 명시된 내용에 따라) 내용물 용기를 폐기하시오.","폐기방법: 자료없음
폐기시 주의사항: (관련 법규에 명시된 내용에 따라) 내용물 용기를 폐기하시오.",1.000000,1.000000,True
run-3,024114,2,"유해성·위험성 분류: 자료없음
그림문자: 자료없음
신호어: 자료없음
유해·위험문구: 자료없음
예방: 자료없음
대응: 자료없음
저장: 자료없음
폐기: 자료없음
유해성·위험성 분류기준에 포함되지 않는 기타 유해성·위험성(예. 분진폭발 위험성): 자료없음","유해성·위험성 분류: 자료없음
그림문자: 자료없음
신호어: 자료없음
유해·위험문구: 자료없음
예방: 자료없음
대응: 자료없음
저장: 자료없음
폐기: 자료없음
유해성·위험성 분류기준에 포함되지 않는 기타 유해성·위험성(예. 분진폭발 위험성): 자료없음",1.000000,1.000000,True
run-3,034983,13,"폐기방법: 자료없음
폐기시 주의사항: (관련 법규에 명시된 내용에 따라) 내용물 용기를 폐기하시오.","폐기방법: 자료없음
폐기시 주의사항: (관련 법규에 명시된 내용에 따라) 내용물 용기를 폐기하시오.",1.000000,1.000000,True
run-3,032423,15,,,1.000000,1.000000,True
run-3,041662,16,"자료의 출처: 자료없음
최초작성일자: 자료없음
개정횟수: 자료없음
최종 개정일자: 자료없음
기타: 자료없음","자료의 출처: 자료없음
최초작성일자: 자료없음
개정횟수: 자료없음
최종 개정일자: 자료없음
기타: 자료없음",1.000000,1.000000,True
run-3,005900,2,"유해성·위험성 분류: 급성 독성(경구) : 구분4
그림문자: GHS07.gif
신호어: 경고
유해·위험문구: H302 : 삼키면 유해함
예방: P264 : 취급 후에는…을(를)철저히 씻으시오.|P270 : 이 제품을 사용할 때에는 먹거나,마시거나 흡연하지 마시오.
대응: P301+P312 : 삼켰다면:불편함을 느끼면 의료기관/의사/…의 진찰을 받으시오.|P330 : 입을 씻어내시오.
저장: 자료없음
폐기: P501 : 폐기물 관련 법령에 따라 내용물/용기를 폐기하시오
유해성·위험성 분류기준에 포함되지 않는 기타 유해성·위험성(예. 분진폭발 위험성): 자료없음","유해성·위험성 분류: 급성 독성(경구) : 구분4
그림문자: GHS07.gif
신호어: 경고
유해·위험문구: H302 : 삼키면 유해함
예방: P264 : 취급 후에는…을(를)철저히 씻으시오.|P270 : 이 제품을 사용할 때에는 먹거나,마시거나 흡연하지 마시오.
대응: P301+P312 : 삼켰다면:불편함을 느끼면 의료기관/의사/…의 진찰을 받으시오.|P330 : 입을 씻어내시오.
저장: 자료없음
폐기: P501 : 폐기물 관련 법령에 따라 내용물/용기를 폐기하시오
유해성·위험성 분류기준에 포함되지 않는 기타 유해성·위험성(예. 분진폭발 위험성): 자료없음",1.000000,1.000000,True
run-3,023817,14,"유엔번호(UN No.): UN 운송위험물질 분류정보가 없음
적정선적명: 해당없음
운송에서의 위험성 등급: 해당없음
용기등급: 해당없음
해양오염물질: 자료없음
화재시 비상조치: 해당없음
유출시 비상조치: 해당없음","유엔번호(UN No.): UN 운송위험물질 분류정보가 없음
적정선적명: 해당없음
운송에서의 위험성 등급: 해당없음
용기등급: 해당없음
해양오염물질: 자료없음
화재시 비상조치: 해당없음
유출시 비상조치: 해당없음",1.000000,1.000000,True
run-3,038358,2,"유해성·위험성 분류: 피부 부식성/피부 자극성 : 구분2
그림문자: GHS07.gif
신호어: 경고
유해·위험문구: H315 : 피부에 자극을 일으킴
예방: P264 : 취급 후에는…을(를)철저히 씻으시오.|P280 : 보호장갑/보호의/보안경/안면보호구를(을)착용하시오.
대응: P302+P352 : 피부에 묻으면:다량의 물/…(으)로 씻으시오.|P321 : …처치를 하시오.|P332+P313 : 피부 자극이 나타나면:의학적인 조치/조언을 받으시오.|P362+P364 : 오염된 의류를 벗고 다시 사용 전 세척하시오.
저장: 자료없음
폐기: 자료없음
유해성·위험성 분류기준에 포함되지 않는 기타 유해성·위험성(예. 분진폭발 위험성): 자료없음","유해성·위험성 분류: 피부 부식성/피부 자극성 : 구분2
그림문자: GHS07.gif
신호어: 경고
유해·위험문구: H315 : 피부에 자극을 일으킴
예방: P264 : 취급 후에는…을(를)철저히 씻으시오.|P280 : 보호장갑/보호의/보안경/안면보호구를(을)착용하시오.
대응: P302+P352 : 피부에 묻으면:다량의 물/…(으)로 씻으시오.|P321 : …처치를 하시오.|P332+P313 : 피부 자극이 나타나면:의학적인 조치/조언을 받으시오.|P362+P364 : 오염된 의류를 벗고 다시 사용 전 세척하시오.
저장: 자료없음
폐기: 자료없음
유해성·위험성 분류기준에 포함되지 않는 기타 유해성·위험성(예. 분진폭발 위험성): 자료없음",1.000000,1.000000,True
run-3,042446,4,"눈에 들어갔을 때: 자료없음
피부에 접촉했을 때: 자료없음
흡입했을 때: 자료없음
먹었을 때: 자료없음
기타 의사의 주의사항: 자료없음","눈에 들어갔을 때: 자료없음
피부에 접촉했을 때: 자료없음
흡입했을 때: 자료없음
먹었을 때: 자료없음
기타 의사의 주의사항: 자료없음",1.000000,1.000000,True
run-3,049748,2,"유해성·위험성 분류: 자료없음
그림문자: 자료없음
신호어: 자료없음
유해·위험문구: 자료없음
예방: 자료없음
대응: 자료없음
저장: 자료없음
폐기: 자료없음
유해성·위험성 분류기준에 포함되지 않는 기타 유해성·위험성(예. 분진폭발 위험성): 자료없음","유해성·위험성 분류: 자료없음
그림문자: 자료없음
신호어: 자료없음
유해·위험문구: 자료없음
예방: 자료없음
대응: 자료없음
저장: 자료없음
폐기: 자료없음
유해성·위험성 분류기준에 포함되지 않는 기타 유해성·위험성(예. 분진폭발 위험성): 자료없음",1.000000,1.000000,True
run-3,002993,4,"눈에 들어갔을 때: 자료없음
피부에 접촉했을 때: 자료없음
흡입했을 때: 자료없음
먹었을 때: 자료없음
기타 의사의 주의사항: 자료없음","눈에 들어갔을 때: 자료없음
피부에 접촉했을 때: 자료없음
흡입했을 때: 자료없음
먹었을 때: 자료없음
기타 의사의 주의사항: 자료없음",1.000000,1.000000,True
run-3,428172,4,"눈에 들어갔을 때: 긴급 의료조치를 받으시오|물질과 접촉시 즉시 20분 이상 흐르는 물에 피부와 눈을 씻어내시오
피부에 접촉했을 때: 노출되거나 불편함을 느끼면 의료기관(의사)의 진찰을 받으시오.|오염된 옷과 신발을 제거하고 오염지역을 격리하시오|물질과 접촉시 즉시 20분 이상 흐르는 물에 피부와 눈을 씻어내시오|경미한 피부 접촉 시 오염부위 확산을 방지하시오
흡입했을 때: 노출되거나 불편함을 느끼면 의료기관(의사)의 진찰을 받으시오.|신선한 공기가 있는 곳으로 옮기시오|따뜻하게 하고 안정되게 해주시오
먹었을 때: 노출되거나 불편함을 느끼면 의료기관(의사)의 진찰을 받으시오.|입을 씻어내시오.|물질을 먹거나 흡입하였을 경우 구강대구강법으로 인공호흡을 하지 말고 적절한 호흡의료장비를 이용하시오
기타 의사의 주의사항: 의료인력이 해당물질에 대해 인지하고 보호조치를 취하도록 하시오","눈에 들어갔을 때: 긴급 의료조치를 받으시오|물질과 접촉시 즉시 20분 이상 흐르는 물에 피부와 눈을 씻어내시오
피부에 접촉했을 때: 노출되거나 불편함을 느끼면 의료기관(의사)의 진찰을 받으시오.|오염된 옷과 신발을 제거하고 오염지역을 격리하시오|물질과 접촉시 즉시 20분 이상 흐르는 물에 피부와 눈을 씻어내시오|경미한 피부 접촉 시 오염부위 확산을 방지하시오
흡입했을 때: 노출되거나 불편함을 느끼면 의료기관(의사)의 진찰을 받으시오.|신선한 공기가 있는 곳으로 옮기시오|따뜻하게 하고 안정되게 해주시오
먹었을 때: 노출되거나 불편함을 느끼면 의료기관(의사)의 진찰을 받으시오.|입을 씻어내시오.|물질을 먹거나 흡입하였을 경우 구강대구강법으로 인공호흡을 하지 말고 적절한 호흡의료장비를 이용하시오
기타 의사의 주의사항: 의료인력이 해당물질에 대해 인지하고 보호조치를 취하도록 하시오",1.000000,1.000000,True
run-3,026835,14,"유엔번호(UN No.): UN 운송위험물질 분류정보가 없음
적정선적명: 해당없음
운송에서의 위험성 등급: 해당없음
용기등급: 해당없음
해양오염물질: 자료없음
화재시 비상조치: 해당없음
유출시 비상조치: 해당없음","유엔번호(UN No.): UN 운송위험물질 분류정보가 없음
적정선적명: 해당없음
운송에서의 위험성 등급: 해당없음
용기등급: 해당없음
해양오염물질: 자료없음
화재시 비상조치: 해당없음
유출시 비상조치: 해당없음",1.000000,1.000000,True
run-3,012113,3,"물질명: 1-O-메틸-2-데옥시-D-리보제(1-O-METHYL-2-DEOXY-D-RIBOSE)
이명(관용명): D-에리트로-펜토푸라노시드, 메틸 2-데옥시-(D-ERYTHRO-PENTOFURANOSIDE, METHYL
CAS 번호: 60134-26-1
함유량(%): 100%","물질명: 1-O-메틸-2-데옥시-D-리보제(1-O-METHYL-2-DEOXY-D-RIBOSE)
이명(관용명): D-에리트로-펜토푸라노시드, 메틸 2-데옥시-(D-ERYTHRO-PENTOFURANOSIDE, METHYL
CAS 번호: 60134-26-1
함유량(%): 100%",1.000000,1.000000,True
run-3,097811,12,"어류: 자료없음
갑각류: 자료없음
조류: 자료없음
잔류성: 1.51 log Kow |※출처 : EPI Suite
분해성: 자료없음
농축성: 4.6 |※출처 : EPISUITE
생분해성: 자료없음
토양이동성: 자료없음
기타 유해 영향: 자료없음","어류: 자료없음
갑각류: 자료없음
조류: 자료없음
잔류성: 1.51 log Kow |※출처 : EPI Suite
분해성: 자료없음
농축성: 4.6 |※출처 : EPISUITE
생분해성: 자료없음
토양이동성: 자료없음
기타 유해 영향: 자료없음",1.000000,1.000000,True
run-3,031656,2,"유해성·위험성 분류: 자료없음
그림문자: 자료없음
신호어: 자료없음
유해·위험문구: 자료없음
예방: 자료없음
대응: 자료없음
저장: 자료없음
폐기: 자료없음
유해성·위험성 분류기준에 포함되지 않는 기타 유해성·위험성(예. 분진폭발 위험성): 자료없음","유해성·위험성 분류: 자료없음
그림문자: 자료없음
신호어: 자료없음
유해·위험문구: 자료없음
예방: 자료없음
대응: 자료없음
저장: 자료없음
폐기: 자료없음
유해성·위험성 분류기준에 포함되지 않는 기타 유해성·위험성(예. 분진폭발 위험성): 자료없음",1.000000,1.000000,True
run-3,427721,6,"인체를 보호하기 위해 필요한 조치사항 및 보호구: 모든 점화원을 제거하시오|위험하지 않다면 누출을 멈추시오|피해야할 물질 및 조건에 유의하시오|오염지역을 환기하시오|노출물을 만지거나 걸어다니지 마시오|분진 형성을 방지하시오|적정한 공기(산소 농도 18~23.5%)가 확보될 때까지 공기호흡기 또는 송기마스크 등 적절한 보호구가 없는 상태에서 해당 공간으로 진입하지 마시오.
환경을 보호하기 위해 필요한 조치사항: 수로, 하수구, 지하실, 밀폐공간으로의 유입을 방지하시오
정화 또는 제거 방법: 소량 누출시 다량의 물로 오염지역을 씻어내시오|소량 누출시 모래, 비가연성 물질로 흡수하고 용기에 담으시오|다량 누출시 액체 누출물 멀리 도랑을 만드시오|청결한 삽으로 누출물을 깨끗하고 건조한 용기에 담고 느슨하게 닫은 뒤 용기를 누출지역으로부터 옮기시오|분말 누출시 플라스틱 시트로 덮어 확산을 막고 건조한 상태로 유지하시오","인체를 보호하기 위해 필요한 조치사항 및 보호구: 모든 점화원을 제거하시오|위험하지 않다면 누출을 멈추시오|피해야할 물질 및 조건에 유의하시오|오염지역을 환기하시오|노출물을 만지거나 걸어다니지 마시오|분진 형성을 방지하시오|적정한 공기(산소 농도 18~23.5%)가 확보될 때까지 공기호흡기 또는 송기마스크 등 적절한 보호구가 없는 상태에서 해당 공간으로 진입하지 마시오.
환경을 보호하기 위해 필요한 조치사항: 수로, 하수구, 지하실, 밀폐공간으로의 유입을 방지하시오
정화 또는 제거 방법: 소량 누출시 다량의 물로 오염지역을 씻어내시오|소량 누출시 모래, 비가연성 물질로 흡수하고 용기에 담으시오|다량 누출시 액체 누출물 멀리 도랑을 만드시오|청결한 삽으로 누출물을 깨끗하고 건조한 용기에 담고 느슨하게 닫은 뒤 용기를 누출지역으로부터 옮기시오|분말 누출시 플라스틱 시트로 더.어 확산을 막고 건조한 상태로 유지하시오",0.995643,0.991866,False
run-3,029727,2,"유해성·위험성 분류: 자료없음
그림문자: 자료없음
신호어: 자료없음
유해·위험문구: 자료없음
예방: 자료없음
대응: 자료없음
저장: 자료없음
폐기: 자료없음
유해성·위험성 분류기준에 포함되지 않는 기타 유해성·위험성(예. 분진폭발 위험성): 자료없음","유해성·위험성 분류: 자료없음
그림문자: 자료없음
신호어: 자료없음
유해·위험문구: 자료없음
예방: 자료없음
대응: 자료없음
저장: 자료없음
폐기: 자료없음
유해성·위험성 분류기준에 포함되지 않는 기타 유해성·위험성(예. 분진폭발 위험성): 자료없음",1.000000,1.000000,True
run-3,011243,14,"유엔번호(UN No.): UN 운송위험물질 분류정보가 없음
적정선적명: 해당없음
운송에서의 위험성 등급: 해당없음
용기등급: 해당없음
해양오염물질: 자료없음
화재시 비상조치: 해당없음
유출시 비상조치: 해당없음","유엔번호(UN No.): UN 운송위험물질 분류정보가 없음
적정선적명: 해당없음
운송에서의 위험성 등급: 해당없음
용기등급: 해당없음
해양오염물질: 자료없음
화재시 비상조치: 해당없음
유출시 비상조치: 해당없음",1.000000,1.000000,True
run-3,012041,6,"인체를 보호하기 위해 필요한 조치사항 및 보호구: 엎질러진 것을 즉시 닦아내고, 보호구 항의 예방조치를 따르시오.|노출물을 만지거나 걸어다니지 마시오|위험하지 않다면 누출을 멈추시오|분진 형성을 방지하시오|피해야할 물질 및 조건에 유의하시오
환경을 보호하기 위해 필요한 조치사항: 수로, 하수구, 지하실, 밀폐공간으로의 유입을 방지하시오|환경으로 배출하지 마시오.
정화 또는 제거 방법: 불활성 물질(예를 들어 건조한 모래 또는 흙)로 엎지른 것을 흡수하고, 화학폐기물 용기에 넣으시오.|액체를 흡수하고 오염된 지역을 세제와 물로 씻어 내시오.|다량 누출시 액체 누출물과 멀게하여 도랑을 만드시오|청결한 삽으로 누출물을 깨끗하고 건조한 용기에 담고 느슨하게 닫은 뒤 용기를 누출지역으로부터 옮기시오|분말 누출시 플라스틱 시트로 덮어 확산을 막고 건조한 상태로 유지하시오|소량 누출시 모래, 비가연성 물질로 흡수하고 용기에 담으시오","인체를 보호하기 위해 필요한 조치사항 및 보호구: 어.질러진 것을 즉시 닦아내고, 보호구 항의 예방조치를 따르시오.|노출물을 만지거나 걸어다니지 마시오|위험하지 않다면 누출을 멈추시오|분진 형성을 방지하시오|피해야할 물질 및 조건에 유의하시오
환경을 보호하기 위해 필요한 조치사항: 수로, 하수구, 지하실, 밀폐공간으로의 유입을 방지하시오|환경으로 배출하지 마시오.
정화 또는 제거 방법: 불활성 물질(예를 들어 건조한 모래 또는 흙)로 어.지른 것을 흡수하고, 화학폐기물 용기에 넣으시오.|액체를 흡수하고 오염된 지역을 세제와 물로 씻어 내시오.|다량 누출시 액체 누출물과 멀게하여 도랑을 만드시오|청결한 삽으로 누출물을 깨끗하고 건조한 용기에 담고 느슨하게 닫은 뒤 용기를 누출지역으로부터 옮기시오|분말 누출시 플라스틱 시트로 더.어 확산을 막고 건조한 상태로 유지하시오|소량 누출시 모래, 비가연성 물질로 흡수하고 용기에 담으시오",0.987152,0.975938,False
run-3,017172,9,"외관: 자료없음
성상: 자료없음
색상: 자료없음
냄새: 자료없음
냄새역치: 자료없음
pH: 자료없음
녹는점/어는점: 자료없음
초기 끓는점과 끓는점 범위: 자료없음
인화점: 자료없음
증발속도: 자료없음
인화성(고체, 기체): 자료없음
인화 또는 폭발 범위의 상한/하한: 자료없음
증기압: 자료없음
용해도: 자료없음
증기밀도: 자료없음
비중: 자료없음
n-옥탄올/물분배계수 (Kow): 자료없음
자연발화온도: 자료없음
분해온도: 자료없음
점도: 자료없음
분자량: 자료없음","외관: 자료없음
성상: 자료없음
색상: 자료없음
냄새: 자료없음
냄새역치: 자료없음
pH: 자료없음
녹는점/어는점: 자료없음
초기 끓는점과 끓는점 범위: 자료없음
인화점: 자료없음
증발속도: 자료없음
인화성(고체, 기체): 자료없음
인화 또는 폭발 범위의 상한/하한: 자료없음
증기압: 자료없음
용해도: 자료없음
증기밀도: 자료없음
비중: 자료없음
n-옥탄올/물분배계수 (Kow): 자료없음
자연발화온도: 자료없음
분해온도: 자료없음
점도: 자료없음
분자량: 자료없음",1.000000,1.000000,True
run-3,003794,14,"유엔번호(UN No.): 2725
적정선적명: 질산니켈(NICKEL NITRATE)
운송에서의 위험성 등급: 5.1
용기등급: Ⅲ
해양오염물질: 비해당
화재시 비상조치: F-A
유출시 비상조치: S-Q","유엔번호(UN No.): 2725
적정선적명: 질산니켈(NICKEL NITRATE)
운송에서의 위험성 등급: 5.1
용기등급: Ⅲ
해양오염물질: 비해당
화재시 비상조치: F-A
유출시 비상조치: S-Q",1.000000,1.000000,True
run-3,008004,8,"국내규정: |자료없음
ACGIH 규정: 자료없음
생물학적 노출기준: 자료없음
기타 노출기준: 자료없음
적절한 공학적 관리: |공정격리, 국소배기를 사용하거나, 공기수준을 노출기준 이하로 조절하는 다른 공학적 관리를 하시오.
호흡기 보호: |노출되는 입자상 물질의 물리화학적 특성에 맞는 산업안전보건공단의 인증을 필한 호흡용 보호구를 착용하시오|입자상 물질의 경우 다음과 같은 호흡기 보호구가 권고됨
- 안면부 여과식 방진마스크 또는 공기 여과식 방진마스크(고효율 미립자 여과재) 또는 전동팬 부착방진 마스크(분진, 미스트, 흄용 여과재)|산소가 부족한 경우(&amp;lt;19.6%), 송기마스크, 혹은 자급식 호흡보호구를 착용하시오
눈 보호: |눈에 자극을 일으키거나 기타 건강상의 장해를 일으킬 수 있는 입자상 물질에 대하여 눈을 보호하기 위하여 통기성 보안경을 착용하시오||근로자가 접근이 용이한 위치에 긴급세척시설(샤워식) 및 세안설비를 설치하시오
손 보호: |화학물질의 물리적 및 화학적 특성을 고려하여 적절한 재질의 보호장갑을 착용하시오
신체 보호: |화학물질의 물리적 및 화학적 특성을 고려하여 적절한 재질의 보호의복을 착용하시오","국내규정: |자료없음
ACGIH 규정: 자료없음
생물학적 노출기준: 자료없음
기타 노출기준: 자료없음
적절한 공학적 관리: |공정격리, 국소배기를 사용하거나, 공기수준을 노출기준 이하로 조절하는 다른 공학적 관리를 하시오.
호흡기 보호: |노출되는 입자상 물질의 물리화학적 특성에 맞는 산업안전보건공단의 인증을 필한 호흡용 보호구를 착용하시오|입자상 물질의 경우 다음과 같은 호흡기 보호구가 권고됨
- 안면부 여과식 방진마스크 또는 공기 여과식 방진마스크(고효율 미립자 여과재) 또는 전동팬 부착방진 마스크(분진, 미스트, 흄용 여과재)|산소가 부족한 경우(&amp;lt;19.6%), 송기마스크, 혹은 자급식 호흡보호구를 착용하시오
눈 보호: |눈에 자극을 일으키거나 기타 건강상의 장해를 일으킬 수 있는 입자상 물질에 대하여 눈을 보호하기 위하여 통기성 보안경을 착용하시오||근로자가 접근이 용이한 위치에 긴급세척시설(샤워식) 및 세안설비를 설치하시오
손 보호: |화학물질의 물리적 및 화학적 특성을 고려하여 적절한 재질의 보호장갑을 착용하시오
신체 보호: |화학물질의 물리적 및 화학적 특성을 고려하여 적절한 재질의 보호의복을 착용하시오",1.000000,1.000000,True
run-3,009496,9,"외관: 자료없음
성상: 자료없음
색상: 자료없음
냄새: 자료없음
냄새역치: 자료없음
pH: 자료없음
녹는점/어는점: 자료없음
초기 끓는점과 끓는점 범위: 자료없음
인화점: 자료없음
증발속도: 자료없음
인화성(고체, 기체): 자료없음
인화 또는 폭발 범위의 상한/하한: 자료없음
증기압: 자료없음
용해도: 자료없음
증기밀도: 자료없음
비중: 자료없음
n-옥탄올/물분배계수 (Kow): 자료없음
자연발화온도: 자료없음
분해온도: 자료없음
점도: 자료없음
분자량: 자료없음","외관: 자료없음
성상: 자료없음
색상: 자료없음
냄새: 자료없음
냄새역치: 자료없음
pH: 자료없음
녹는점/어는점: 자료없음
초기 끓는점과 끓는점 범위: 자료없음
인화점: 자료없음
증발속도: 자료없음
인화성(고체, 기체): 자료없음
인화 또는 폭발 범위의 상한/하한: 자료없음
증기압: 자료없음
용해도: 자료없음
증기밀도: 자료없음
비중: 자료없음
n-옥탄올/물분배계수 (Kow): 자료없음
자연발화온도: 자료없음
분해온도: 자료없음
점도: 자료없음
분자량: 자료없음",1.000000,1.000000,True
run-3,035212,5,"적절한(부적절한) 소화제: 자료없음
화학물질로부터 생기는 특정 유해성: 자료없음
화재진압시 착용할 보호구 및 예방조치: 자료없음","적절한(부적절한) 소화제: 자료없음
화학물질로부터 생기는 특정 유해성: 자료없음
화재진압시 착용할 보호구 및 예방조치: 자료없음",1.000000,1.000000,True
run-3,040727,13,"폐기방법: 자료없음
폐기시 주의사항: 자료없음","폐기방법: 자료없음
폐기시 주의사항: 자료없음",1.000000,1.000000,True
run-3,004665,14,"유엔번호(UN No.): UN 운송위험물질 분류정보가 없음
적정선적명: 해당없음
운송에서의 위험성 등급: 해당없음
용기등급: 해당없음
해양오염물질: 자료없음
화재시 비상조치: 해당없음
유출시 비상조치: 해당없음","유엔번호(UN No.): UN 운송위험물질 분류정보가 없음
적정선적명: 해당없음
운송에서의 위험성 등급: 해당없음
용기등급: 해당없음
해양오염물질: 자료없음
화재시 비상조치: 해당없음
유출시 비상조치: 해당없음",1.000000,1.000000,True
run-3,048563,2,"유해성·위험성 분류: 자료없음
그림문자: 자료없음
신호어: 자료없음
유해·위험문구: 자료없음
예방: 자료없음
대응: 자료없음
저장: 자료없음
폐기: 자료없음
유해성·위험성 분류기준에 포함되지 않는 기타 유해성·위험성(예. 분진폭발 위험성): 자료없음","유해성·위험성 분류: 자료없음
그림문자: 자료없음
신호어: 자료없음
유해·위험문구: 자료없음
예방: 자료없음
대응: 자료없음
저장: 자료없음
폐기: 자료없음
유해성·위험성 분류기준에 포함되지 않는 기타 유해성·위험성(예. 분진폭발 위험성): 자료없음",1.000000,1.000000,True
run-3,027140,5,"적절한(부적절한) 소화제: 이 물질과 관련된 소화시 알콜 포말, 이산화탄소 또는 물분무를 사용할 것|질식소화시 건조한 모래 또는 흙을 사용할 것
화학물질로부터 생기는 특정 유해성: 고온에서 분해되어 독성가스를 생성할 수 있음|가열시 용기가 폭발할 수 있음|일부는 탈 수 있으나 쉽게 점화하지 않음|비인화성, 물질 자체는 타지 않으나 가열시 분해하여 부식성/독성 흄을 발생할 수 있음
화재진압시 착용할 보호구 및 예방조치: 구조자는 적절한 보호구를 착용하시오.|지역을 벗어나 안전거리를 유지하여 소화하시오|용융되어 운송될 수도 있으니 주의하시오|소화수의 처분을 위해 도랑을 파서 가두고 물질이 흩어지지 않게 하시오|위험하지 않다면 화재지역에서 용기를 옮기시오|탱크 화재시 최대거리에서 소화하거나 무인 소화장비를 이용하시오|탱크 화재시 소화가 진화된 후에도 다량의 물로 용기를 식히시오|탱크 화재시 압력 방출장치에서 고음이 있거나 탱크가 변색할 경우 즉시 물러나시오|탱크 화재시 화염에 휩싸인 탱크에서 물러나시오|탱크 화재시 대규모 화재의 경우 무인 소화장비를 이용하고 불가능하다면 물러나 타게 놔두시오|구조자는 적절한 보호구를 착용하시오.
지역을 벗어나 안전거리를 유지하여 소화하시오
용융되어 운송될 수도 있음
소화수의 처분을 위해 도랑을 파서 가두고 물질이 흩어지지 않게 하시오
위험하지 않다면 화재지역에서 용기를 옮기시오
탱크 화재시 최대거리에서 소화하거나 무인 소화장비를 이용하시오
탱크 화재시 소화가 진화된 후에도 다량의 물로 용기를 식히시오
탱크 화재시 압력 방출장치에서 고음이 있거나 탱크가 변색할 경우 즉시 물러나시오
탱크 화재시 화염에 휩싸인 탱크에서 물러나시오
탱크 화재시 대규모 화재의 경우 무인 소화장비를 이용하고 불가능하다면 물러나 타게 놔두시오","적절한(부적절한) 소화제: 이 물질과 관련된 소화시 알콜 포말, 이산화탄소 또는 물분무를 사용할 것|질식소화시 건조한 모래 또는 흙을 사용할 것
화학물질로부터 생기는 특정 유해성: 고온에서 분해되어 독성가스를 생성할 수 있음|가열시 용기가 폭발할 수 있음|일부는 탈 수 있으나 쉽게 점화하지 않음|비인화성, 물질 자체는 타지 않으나 가열시 분해하여 부식성/독성 흄을 발생할 수 있음
화재진압시 착용할 보호구 및 예방조치: 구조자는 적절한 보호구를 착용하시오.|지역을 벗어나 안전거리를 유지하여 소화하시오|용융되어 운송될 수도 있으니 주의하시오|소화수의 처분을 위해 도랑을 파서 가두고 물질이 흩어지지 않게 하시오|위험하지 않다면 화재지역에서 용기를 옮기시오|탱크 화재시 최대거리에서 소화하거나 무인 소화장비를 이용하시오|탱크 화재시 소화가 진화된 후에도 다량의 물로 용기를 식히시오|탱크 화재시 압력 방출장치에서 고음이 있거나 탱크가 변색할 경우 즉시 물러나시오|탱크 화재시 화염에 휩싸인 탱크에서 물러나시오|탱크 화재시 대규모 화재의 경우 무인 소화장비를 이용하고 불가능하다면 물러나 타게 놔두시오|구조자는 적절한 보호구를 착용하시오.
지역을 벗어나 안전거리를 유지하여 소화하시오
용융되어 운송될 수도 있음
소화수의 처분을 위해 도랑을 파서 가두고 물질이 흩어지지 않게 하시오
위험하지 않다면 화재지역에서 용기를 옮기시오
탱크 화재시 최대거리에서 소화하거나 무인 소화장비를 이용하시오
탱크 화재시 소화가 진화된 후에도 다량의 물로 용기를 식히시오
탱크 화재시 압력 방출장치에서 고음이 있거나 탱크가 변색할 경우 즉시 물러나시오
탱크 화재시 화염에 휩싸인 탱크에서 물러나시오
탱크 화재시 대규모 화재의 경우 무인 소화장비를 이용하고 불가능하다면 물러나 타게 놔두시오",1.000000,1.000000,True
run-3,007351,8,"국내규정: |자료없음
ACGIH 규정: 자료없음
생물학적 노출기준: 자료없음
기타 노출기준: 자료없음
적절한 공학적 관리: 자료없음
호흡기 보호: |노출되는 물질의 물리화학적 특성에 맞는 산업안전보건공단의 인증을 필한 호흡용 보호구를 착용 하시오|-안면부 여과식 방진마스크 또는 공기여과식 방진마스크(고효율미립자여과재)또는 전동팬 부착 방진마스크(분진, 미스트, 흄용 여과재)|기체/액체물질의 경우 다음과 같은 호흡기 보호구가 권고됨 
-격리식 전면형 방독마스크(유기화합물용(산성가스인 경우 산성가스용)) 또는 격리식 반면형 방독마스크(유기화합물용(산성가스인 경우 산성가스용)) 또는 직결식 전면형 방독 마스크(유기화합물용(산성가스인 경우 산성가스용)) 또는 반면형 방독 마스크(유기화합물용(산성가스인 경우 산성가스용)) 또는 전동식 방독마스크|산소가 부족한 경우(&amp;lt;19.6%), 송기마스크, 혹은 자급식 호흡보호구를 착용하시오
눈 보호: 자료없음
손 보호: 자료없음
신체 보호: 자료없음","국내규정: |자료없음
ACGIH 규정: 자료없음
생물학적 노출기준: 자료없음
기타 노출기준: 자료없음
적절한 공학적 관리: 자료없음
호흡기 보호: |노출되는 물질의 물리화학적 특성에 맞는 산업안전보건공단의 인증을 필한 호흡용 보호구를 착용 하시오|-안면부 여과식 방진마스크 또는 공기여과식 방진마스크(고효율미립자여과재)또는 전동팬 부착 방진마스크(분진, 미스트, 흄용 여과재)|기체/액체물질의 경우 다음과 같은 호흡기 보호구가 권고됨 
-격리식 전면형 방독마스크(유기화합물용(산성가스인 경우 산성가스용)) 또는 격리식 반면형 방독마스크(유기화합물용(산성가스인 경우 산성가스용)) 또는 직결식 전면형 방독 마스크(유기화합물용(산성가스인 경우 산성가스용)) 또는 반면형 방독 마스크(유기화합물용(산성가스인 경우 산성가스용)) 또는 전동식 방독마스크|산소가 부족한 경우(&amp;lt;19.6%), 송기마스크, 혹은 자급식 호흡보호구를 착용하시오
눈 보호: 자료없음
손 보호: 자료없음
신체 보호: 자료없음",1.000000,1.000000,True
run-3,020872,12,"어류: 자료없음
갑각류: 자료없음
조류: 자료없음
잔류성: 자료없음
분해성: 자료없음
농축성: 자료없음
생분해성: 자료없음
토양이동성: 자료없음
기타 유해 영향: 자료없음","어류: 자료없음
갑각류: 자료없음
조류: 자료없음
잔류성: 자료없음
분해성: 자료없음
농축성: 자료없음
생분해성: 자료없음
토양이동성: 자료없음
기타 유해 영향: 자료없음",1.000000,1.000000,True
run-3,014645,1,"제품명: 3,3,6,9,9-펜타메틸-2,10-디아자비사이클로-(4.4.0)DEC-1-ENE(3,3,6,9,9-PENTA...
제품의 권고 용도: 자료없음
제품의 사용상의 제한: 자료없음
회사명: 자료없음
주소: 자료없음
긴급전화번호: 자료없음","제품명: 3,3,6,9,9-펜타메틸-2,10-디아자비사이클로-(4.4.0)DEC-1-ENE(3,3,6,9,9-PENTA...
제품의 권고 용도: 자료없음
제품의 사용상의 제한: 자료없음
회사명: 자료없음
주소: 자료없음
긴급전화번호: 자료없음",1.000000,1.000000,True
run-3,046405,3,"물질명: 탄산 칼슘
이명(관용명): 탄소 산, 칼슘 염(CARBONIC ACID, CALCIUM SALT);
CAS 번호: 471-34-1
함유량(%): 100%","물질명: 탄산 칼슘
이명(관용명): 탄소 산, 칼슘 염(CARBONIC ACID, CALCIUM SALT);
CAS 번호: 471-34-1
함유량(%): 100%",1.000000,1.000000,True
run-3,016166,10,"화학적 안정성 및 유해 반응의 가능성: 인화성 액체 및 증기|격렬하게 중합반응하여 화재와 폭발을 일으킬 수 있음|인화점이나 그 이상에서 폭발성 혼합물을 형성할 수 있음|가열시 용기가 폭발할 수 있음|고인화성: 열, 스파크, 화염에 의해 쉽게 점화됨|누출물은 화재/폭발 위험이 있음|실내, 실외, 하수구에서 증기 폭발 위험이 있음|증기는 공기와 폭발성 혼합물을 형성할 수 있음|증기는 자각 없이 현기증 또는 질식을 유발할 수 있음|화재시 자극성, 부식성, 독성 가스를 발생할 수 있음|흡입 및 접촉 시 피부와 눈을 자극하거나 화상을 입힘
피해야 할 조건: 열·스파크·화염·고열로부터 멀리하시오 - 금연
피해야 할 물질: 자료없음
분해시 생성되는 유해물질: 자극성, 부식성, 독성 가스","화학적 안정성 및 유해 반응의 가능성: 인화성 액체 및 증기|격렬하게 중합반응하여 화재와 폭발을 일으킬 수 있음|인화점이나 그 이상에서 폭발성 혼합물을 형성할 수 있음|가열시 용기가 폭발할 수 있음|고인화성: 열, 스파크, 화염에 의해 쉽게 점화됨|누출물은 화재/폭발 위험이 있음|실내, 실외, 하수구에서 증기 폭발 위험이 있음|증기는 공기와 폭발성 혼합물을 형성할 수 있음|증기는 자각 없이 현기증 또는 질식을 유발할 수 있음|화재시 자극성, 부식성, 독성 가스를 발생할 수 있음|흡입 및 접촉 시 피부와 눈을 자극하거나 화상을 입힘
피해야 할 조건: 열·스파크·화염·고열로부터 멀리하시오 - 금연
피해야 할 물질: 자료없음
분해시 생성되는 유해물질: 자극성, 부식성, 독성 가스",1.000000,1.000000,True
run-3,427866,6,"인체를 보호하기 위해 필요한 조치사항 및 보호구: (분진·흄·가스·미스트·증기·스프레이)의 흡입을 피하시오.|엎질러진 것을 즉시 닦아내고, 보호구 항의 예방조치를 따르시오.|모든 점화원을 제거하시오|위험하지 않다면 누출을 멈추시오|적절한 보호의를 착용하지 않고 파손된 용기나 누출물에 손대지 마시오|용기에 물이 들어가지 않도록 하시오|피해야할 물질 및 조건에 유의하시오
환경을 보호하기 위해 필요한 조치사항: 누출물은 부식성/독성이며 오염을 유발할 수 있음|수로, 하수구, 지하실, 밀폐공간으로의 유입을 방지하시오
정화 또는 제거 방법: 불활성 물질(예를 들어 건조한 모래 또는 흙)로 엎지른 것을 흡수하고, 화학폐기물 용기에 넣으시오.|액체를 흡수하고 오염된 지역을 세제와 물로 씻어 내시오.","인체를 보호하기 위해 필요한 조치사항 및 보호구: (분진·흄·가스·미스트·증기·스프레이)의 흡입을 피하시오.|어.질러진 것을 즉시 닦아내고, 보호구 항의 예방조치를 따르시오.|모든 점화원을 제거하시오|위험하지 않다면 누출을 멈추시오|적절한 보호의를 착용하지 않고 파손된 용기나 누출물에 손대지 마시오|용기에 물이 들어가지 않도록 하시오|피해야할 물질 및 조건에 유의하시오
환경을 보호하기 위해 필요한 조치사항: 누출물은 부식성/독성이며 오염을 유발할 수 있음|수로, 하수구, 지하실, 밀폐공간으로의 유입을 방지하시오
정화 또는 제거 방법: 불활성 물질(예를 들어 건조한 모래 또는 흙)로 어.지른 것을 흡수하고, 화학폐기물 용기에 넣으시오.|액체를 흡수하고 오염된 지역을 세제와 물로 씻어 내시오.",0.989744,0.980784,False
run-3,029672,10,"화학적 안정성 및 유해 반응의 가능성: 자료없음
피해야 할 조건: 자료없음
피해야 할 물질: 자료없음
분해시 생성되는 유해물질: 자료없음","화학적 안정성 및 유해 반응의 가능성: 자료없음
피해야 할 조건: 자료없음
피해야 할 물질: 자료없음
분해시 생성되는 유해물질: 자료없음",1.000000,1.000000,True
run-3,006383,9,"외관: 자료없음
성상: 자료없음
색상: 자료없음
냄새: 자료없음
냄새역치: 자료없음
pH: 자료없음
녹는점/어는점: 자료없음
초기 끓는점과 끓는점 범위: 자료없음
인화점: 자료없음
증발속도: 자료없음
인화성(고체, 기체): 자료없음
인화 또는 폭발 범위의 상한/하한: 자료없음
증기압: 자료없음
용해도: 자료없음
증기밀도: 자료없음
비중: 자료없음
n-옥탄올/물분배계수 (Kow): 자료없음
자연발화온도: 자료없음
분해온도: 자료없음
점도: 자료없음
분자량: 자료없음","외관: 자료없음
성상: 자료없음
색상: 자료없음
냄새: 자료없음
냄새역치: 자료없음
pH: 자료없음
녹는점/어는점: 자료없음
초기 끓는점과 끓는점 범위: 자료없음
인화점: 자료없음
증발속도: 자료없음
인화성(고체, 기체): 자료없음
인화 또는 폭발 범위의 상한/하한: 자료없음
증기압: 자료없음
용해도: 자료없음
증기밀도: 자료없음
비중: 자료없음
n-옥탄올/물분배계수 (Kow): 자료없음
자연발화온도: 자료없음
분해온도: 자료없음
점도: 자료없음
분자량: 자료없음",1.000000,1.000000,True
run-3,019200,4,"눈에 들어갔을 때: 자료없음
피부에 접촉했을 때: 자료없음
흡입했을 때: 자료없음
먹었을 때: 자료없음
기타 의사의 주의사항: 자료없음","눈에 들어갔을 때: 자료없음
피부에 접촉했을 때: 자료없음
흡입했을 때: 자료없음
먹었을 때: 자료없음
기타 의사의 주의사항: 자료없음",1.000000,1.000000,True
run-3,014988,4,"눈에 들어갔을 때: 자료없음
피부에 접촉했을 때: 자료없음
흡입했을 때: 자료없음
먹었을 때: 자료없음
기타 의사의 주의사항: 자료없음","눈에 들어갔을 때: 자료없음
피부에 접촉했을 때: 자료없음
흡입했을 때: 자료없음
먹었을 때: 자료없음
기타 의사의 주의사항: 자료없음",1.000000,1.000000,True
run-3,028020,5,"적절한(부적절한) 소화제: 자료없음
화학물질로부터 생기는 특정 유해성: 자료없음
화재진압시 착용할 보호구 및 예방조치: 자료없음","적절한(부적절한) 소화제: 자료없음
화학물질로부터 생기는 특정 유해성: 자료없음
화재진압시 착용할 보호구 및 예방조치: 자료없음",1.000000,1.000000,True
run-3,020188,13,"폐기방법: 자료없음
폐기시 주의사항: 자료없음","폐기방법: 자료없음
폐기시 주의사항: 자료없음",1.000000,1.000000,True
run-3,024343,3,"물질명: C.I. reactive brown 021 -
CAS 번호: 154999-66-3
함유량(%): 100%","물질명: C.I. reactive brown 021 -
CAS 번호: 154999-66-3
함유량(%): 100%",1.000000,1.000000,True
run-3,003167,16,"자료의 출처: Corporate Solution From Thomson Micromedex(http://csi.micromedex.com)(ACGIH 규정)|Corporate Solution From Thomson Micromedex(http://csi.micromedex.com)(색상)|Corporate Solution From Thomson Micromedex(http://csi.micromedex.com)(성상)
최초작성일자: 2008-12-29
개정횟수: 자료없음
최종 개정일자: 2018-04-02
기타: 자료없음","자료의 출처: Corporate Solution From Thomson Micromedex(http://csi.micromedex.com)(ACGIH 규정)|Corporate Solution From Thomson Micromedex(http://csi.micromedex.com)(색상)|Corporate Solution From Thomson Micromedex(http://csi.micromedex.com)(성상)
최초작성일자: 2008-12-29
개정횟수: 자료없음
최종 개정일자: 2018-04-02
기타: 자료없음",1.000000,1.000000,True
run-3,014271,14,"유엔번호(UN No.): UN 운송위험물질 분류정보가 없음
적정선적명: 해당없음
운송에서의 위험성 등급: 해당없음
용기등급: 해당없음
해양오염물질: 자료없음
화재시 비상조치: 해당없음
유출시 비상조치: 해당없음","유엔번호(UN No.): UN 운송위험물질 분류정보가 없음
적정선적명: 해당없음
운송에서의 위험성 등급: 해당없음
용기등급: 해당없음
해양오염물질: 자료없음
화재시 비상조치: 해당없음
유출시 비상조치: 해당없음",1.000000,1.000000,True
run-3,258388,7,"안전취급요령: 자료없음
안전한 저장방법: 자료없음","안전취급요령: 자료없음
안전한 저장방법: 자료없음",1.000000,1.000000,True
run-3,000346,9,"성상: 고체   |   ※출처 : ICSC
색상: 노란색   |   ※출처 : ICSC
냄새: 약간의 악취   |   ※출처 : IPCS
냄새역치: 자료없음
pH: 자료없음
녹는점/어는점: 69.9 ℃|   ※출처 : EU RAR
초기 끓는점과 끓는점 범위: 319.5 ℃|   ※출처 : EU RAR
인화점: 169 ℃|   ※출처 : EU RAR
증발속도: 자료없음
인화성(고체, 기체): 인화성 고체   |   ※출처 : NIOSH
인화 또는 폭발 범위의 상한/하한: 자료없음
증기압: 0.02 ㎩ (25℃) |   ※출처 : ICSC
용해도: 0.02 g/100㎖ (25℃) |   ※출처 : EU RAR
증기밀도: 6.28   |   ※출처 : IPCS
비중: 1.3208  (71℃) |   ※출처 : EU RAR
n-옥탄올/물분배계수 (Kow): 1.98 |   ※출처 : EU RAR
자연발화온도: 400   |   ※출처 : EU RAR
분해온도: 300 ℃
점도: 자료없음
분자량: 182.14   |   ※출처 : PUBCHEM","성상: 고체   |   ※출처 : ICSC
색상: 노란색   |   ※출처 : ICSC
냄새: 약간의 악취   |   ※출처 : IPCS
냄새역치: 자료없음
pH: 자료없음
녹는점/어는점: 69.9 ℃|   ※출처 : EU RAR
초기 끓는점과 끓는점 범위: 319.5 ℃|   ※출처 : EU RAR
인화점: 169 ℃|   ※출처 : EU RAR
증발속도: 자료없음
인화성(고체, 기체): 인화성 고체   |   ※출처 : NIOSH
인화 또는 폭발 범위의 상한/하한: 자료없음
증기압: 0.02 ㎩ (25℃) |   ※출처 : ICSC
용해도: 0.02 g/100㎖ (25℃) |   ※출처 : EU RAR
증기밀도: 6.28   |   ※출처 : IPCS
비중: 1.3208  (71℃) |   ※출처 : EU RAR
n-옥탄올/물분배계수 (Kow): 1.98 |   ※출처 : EU RAR
자연발화온도: 400   |   ※출처 : EU RAR
분해온도: 300 ℃
점도: 자료없음
분자량: 1[.14   |   ※출처 : PUBCHEM",0.996226,0.991835,False
run-3,028980,1,"제품명: Fatty acids, dehydrated castor oil polymers with benzoic acid, phthalic anhydride and trimethylolpropane -
제품의 권고 용도: 자료없음
제품의 사용상의 제한: 자료없음
회사명: 자료없음
주소: 자료없음
긴급전화번호: 자료없음","제품명: Fatty aci퍼, de퇴팩⠞ㅁㅍ castor oil polymers with benzoic acid, pht{⠇ㄷㄴ an퇴패ㄷㅍㅁ and trimethylolpropane -
제품의 권고 용도: 자료없음
제품의 사용상의 제한: 자료없음
회사명: 자료없음
주소: 자료없음
긴급전화번호: 자료없음",0.875706,0.826719,False
run-3,004046,6,"인체를 보호하기 위해 필요한 조치사항 및 보호구: 모든 점화원을 제거하시오|위험하지 않다면 누출을 멈추시오|적절한 보호의를 착용하지 않고 파손된 용기나 누출물에 손대지 마시오|용기에 물이 들어가지 않도록 하시오|피해야할 물질 및 조건에 유의하시오
환경을 보호하기 위해 필요한 조치사항: 누출물은 부식성/독성이며 오염을 유발할 수 있음|수로, 하수구, 지하실, 밀폐공간으로의 유입을 방지하시오
정화 또는 제거 방법: 건조모래/흙, 기타 비가연성 물질로 덮거나 흡수한 후 용기에 옮기시오","인체를 보호하기 위해 필요한 조치사항 및 보호구: 모든 점화원을 제거하시오|위험하지 않다면 누출을 멈추시오|적절한 보호의를 착용하지 않고 파손된 용기나 누출물에 손대지 마시오|용기에 물이 들어가지 않도록 하시오|피해야할 물질 및 조건에 유의하시오
환경을 보호하기 위해 필요한 조치사항: 누출물은 부식성/독성이며 오염을 유발할 수 있음|수로, 하수구, 지하실, 밀폐공간으로의 유입을 방지하시오
정화 또는 제거 방법: 건조모래/흙, 기타 비가연성 물질로 더.거나 흡수한 후 용기에 옮기시오",0.992620,0.986137,False
run-3,026822,9,"외관: 자료없음
성상: 자료없음
색상: 자료없음
냄새: 자료없음
냄새역치: 자료없음
pH: 자료없음
녹는점/어는점: 자료없음
초기 끓는점과 끓는점 범위: 자료없음
인화점: 자료없음
증발속도: 자료없음
인화성(고체, 기체): 자료없음
인화 또는 폭발 범위의 상한/하한: 자료없음
증기압: 자료없음
용해도: 자료없음
증기밀도: 자료없음
비중: 자료없음
n-옥탄올/물분배계수 (Kow): 자료없음
자연발화온도: 자료없음
분해온도: 자료없음
점도: 자료없음
분자량: 자료없음","외관: 자료없음
성상: 자료없음
색상: 자료없음
냄새: 자료없음
냄새역치: 자료없음
pH: 자료없음
녹는점/어는점: 자료없음
초기 끓는점과 끓는점 범위: 자료없음
인화점: 자료없음
증발속도: 자료없음
인화성(고체, 기체): 자료없음
인화 또는 폭발 범위의 상한/하한: 자료없음
증기압: 자료없음
용해도: 자료없음
증기밀도: 자료없음
비중: 자료없음
n-옥탄올/물분배계수 (Kow): 자료없음
자연발화온도: 자료없음
분해온도: 자료없음
점도: 자료없음
분자량: 자료없음",1.000000,1.000000,True
run-3,034258,5,"적절한(부적절한) 소화제: 자료없음
화학물질로부터 생기는 특정 유해성: 자료없음
화재진압시 착용할 보호구 및 예방조치: 자료없음","적절한(부적절한) 소화제: 자료없음
화학물질로부터 생기는 특정 유해성: 자료없음
화재진압시 착용할 보호구 및 예방조치: 자료없음",1.000000,1.000000,True
run-3,009966,14,"유엔번호(UN No.): UN 운송위험물질 분류정보가 없음
적정선적명: 해당없음
운송에서의 위험성 등급: 해당없음
용기등급: 해당없음
해양오염물질: 자료없음
화재시 비상조치: 해당없음
유출시 비상조치: 해당없음","유엔번호(UN No.): UN 운송위험물질 분류정보가 없음
적정선적명: 해당없음
운송에서의 위험성 등급: 해당없음
용기등급: 해당없음
해양오염물질: 자료없음
화재시 비상조치: 해당없음
유출시 비상조치: 해당없음",1.000000,1.000000,True
run-3,001646,9,"외관: 자료없음
성상: 고체  (분말형) |   ※출처 : ECHA
색상: 자료없음
냄새: 자료없음
냄새역치: 자료없음
pH: 자료없음
녹는점/어는점: 195.7 ℃|   ※출처 : ECHA
초기 끓는점과 끓는점 범위: 571.7 ℃(1013 hPa)|   ※출처 : ECHA
인화점: 200 ℃(예측값)|   ※출처 : ECHA
증발속도: 자료없음
인화성(고체, 기체): 인화성 없음   |   ※출처 : ECHA
인화 또는 폭발 범위의 상한/하한: 자료없음
증기압: 0 ㎩ (25℃) |   ※출처 : ECHA
용해도: &lt; 0.005 ug/L (25℃) |   ※출처 : ECHA
증기밀도: 1200 ㎏/㎥  (22℃) |   ※출처 : ECHA
비중: 1.16   |   ※출처 : ECHA
n-옥탄올/물분배계수 (Kow): 1.27 (20℃)|   ※출처 : ECHA
자연발화온도: 430 ℃  |   ※출처 : ECHA
분해온도: 자료없음
점도: 자료없음
분자량: 658.89   |   ※출처 : ECHA","외관: 자료없음
성상: 고체  (분말형) |   ※출처 : ECHA
색상: 자료없음
냄새: 자료없음
냄새역치: 자료없음
pH: 자료없음
녹는점/어는점: 195.7 ℃|   ※출처 : ECHA
초기 끓는점과 끓는점 범위: 571.7 ℃(1013 hPa)|   ※출처 : ECHA
인화점: 200 ℃(예측값)|   ※출처 : ECHA
증발속도: 자료없음
인화성(고체, 기체): 인화성 없음   |   ※출처 : ECHA
인화 또는 폭발 범위의 상한/하한: 자료없음
증기압: 0 ㎩ (25℃) |   ※출처 : ECHA
용해도: &lt; 0.005 ug/L (25℃) |   ※출처 : ECHA
증기밀도: 1200 ㎏/㎥  (22℃) |   ※출처 : ECHA
비중: 1.16   |   ※출처 : ECHA
n-옥탄올/물분배계수 (Kow): 1.27 (20℃)|   ※출처 : ECHA
자연발화온도: 430 ℃  |   ※출처 : ECHA
분해온도: 자료없음
점도: 자료없음
분자량: 658.89   |   ※출처 : ECHA",1.000000,1.000000,True
run-3,017081,4,"눈에 들어갔을 때: 자료없음
피부에 접촉했을 때: 자료없음
흡입했을 때: 자료없음
먹었을 때: 자료없음
기타 의사의 주의사항: 자료없음","눈에 들어갔을 때: 자료없음
피부에 접촉했을 때: 자료없음
흡입했을 때: 자료없음
먹었을 때: 자료없음
기타 의사의 주의사항: 자료없음",1.000000,1.000000,True
run-3,029867,4,"눈에 들어갔을 때: 자료없음
피부에 접촉했을 때: 자료없음
흡입했을 때: 자료없음
먹었을 때: 자료없음
기타 의사의 주의사항: 자료없음","눈에 들어갔을 때: 자료없음
피부에 접촉했을 때: 자료없음
흡입했을 때: 자료없음
먹었을 때: 자료없음
기타 의사의 주의사항: 자료없음",1.000000,1.000000,True
run-3,008080,7,"안전취급요령: 압력을 가하거나, 자르거나, 용접, 납땜, 접합, 뚫기, 연마 또는 열에 폭로, 화염, 불꽃, 정전기 또는 다른 점화원에 폭로하지 마시오.|용기가 비워진 후에도 제품 찌꺼기가 남아 있을 수 있으므로 모든 MSDS/라벨 예방조치를 따르시오.|취급/저장에 주의하여 사용하시오.|개봉 전에 조심스럽게 마개를 여시오.|장기간 또는 지속적인 피부접촉을 막으시오.|물질 취급시 모든 장비를 반드시 접지하시오|피해야할 물질 및 조건에 유의하시오|공학적 관리 및 개인보호구를 참조하여 작업하시오|저지대 밀폐공간에서 작업시 산소결핍의 우려가 있으므로 작업중, 공기중 산소농도 측정 및 환기를 하시오|폭발 방지용 전기·환기·조명·(...)·장비를 사용하시오.|스파크가 발생하지 않는 도구만을 사용하시오.|정전기 방지 조치를 취하시오.|(분진·흄·가스·미스트·증기·스프레이)의 흡입을 피하시오.|취급 후에는 취급 부위를 철저히 씻으시오.|옥외 또는 환기가 잘 되는 곳에서만 취급하시오.
안전한 저장방법: 빈 드럼통은 완전히 배수하고 적절히 막아 즉시 드럼 조절기에 되돌려 놓거나 적절히 배치하시오.|피해야할 물질 및 조건에 유의하시오|열·스파크·화염·고열로부터 멀리하시오 - 금연|용기는 환기가 잘 되는 곳에 단단히 밀폐하여 저장하시오.|환기가 잘 되는 곳에 보관하고 저온으로 유지하시오.","안전취급요령: 압력을 가하거나, 자르거나, 용접, 납땜, 접합, 뚫기, 연마 또는 열에 폭로, 화염, 불꽃, 정전기 또는 다른 점화원에 폭로하지 마시오.|용기가 비워진 후에도 제품 찌꺼기가 남아 있을 수 있으므로 모든 MSDS/라벨 예방조치를 따르시오.|취급/저장에 주의하여 사용하시오.|개봉 전에 조심스럽게 마개를 여시오.|장기간 또는 지속적인 피부접촉을 막으시오.|물질 취급시 모든 장비를 반드시 접지하시오|피해야할 물질 및 조건에 유의하시오|공학적 관리 및 개인보호구를 참조하여 작업하시오|저지대 밀폐공간에서 작업시 산소결핍의 우려가 있으므로 작업중, 공기중 산소농도 측정 및 환기를 하시오|폭발 방지용 전기·환기·조명·(...)·장비를 사용하시오.|스파크가 발생하지 않는 도구만을 사용하시오.|정전기 방지 조치를 취하시오.|(분진·흄·가스·미스트·증기·스프레이)의 흡입을 피하시오.|취급 후에는 취급 부위를 철저히 씻으시오.|옥외 또는 환기가 잘 되는 곳에서만 취급하시오.
안전한 저장방법: 빈 드럼통은 완전히 배수하고 적절히 막아 즉시 드럼 조절기에 되돌려 놓거나 적절히 배치하시오.|피해야할 물질 및 조건에 유의하시오|열·스파크·화염·고열로부터 멀리하시오 - 금연|용기는 환기가 잘 되는 곳에 단단히 밀폐하여 저장하시오.|환기가 잘 되는 곳에 보관하고 저온으로 유지하시오.",1.000000,1.000000,True
run-3,041148,6,"인체를 보호하기 위해 필요한 조치사항 및 보호구: 자료없음
환경을 보호하기 위해 필요한 조치사항: 자료없음
정화 또는 제거 방법: 자료없음","인체를 보호하기 위해 필요한 조치사항 및 보호구: 자료없음
환경을 보호하기 위해 필요한 조치사항: 자료없음
정화 또는 제거 방법: 자료없음",1.000000,1.000000,True
run-3,000254,16,"자료의 출처: (경피)|ECHA(기타 유해 영향)|ECHA(생분해성)|ECHA(특정 표적장기 독성 (1회 노출))|HSDB(n-옥탄올/물분배계수 (Kow))|HSDB(냄새)|HSDB(녹는점/어는점)|HSDB(분자량)|HSDB(비중)|HSDB(색상)|HSDB(성상)|HSDB(잔류성)|HSDB(점도)|HSDB(증기압)|HSDB(초기 끓는점과 끓는점 범위)|ICSC(인화 또는 폭발 범위의 상한/하한)|NCIS(자연발화온도)|NITE(특정 표적장기 독성 (반복 노출))|pubchem(인화점)|pubchem(증기밀도)|화학물질정보처리시스템(경구)|화학물질정보처리시스템(생식독성)|화학물질정보처리시스템(생식세포변이원성)|화학물질정보처리시스템(심한 눈손상 또는 자극성 )|화학물질정보처리시스템(피부부식성 또는 자극성 )|화학물질정보처리시스템(흡입)
최초작성일자: 2008-01-01
개정횟수: 자료없음
최종 개정일자: 2025-12-02
기타: 자료없음","자료의 출처: (경피)|ECHA(기타 유해 영향)|ECHA(생분해성)|ECHA(특정 표적장기 독성 (1회 노출))|HSDB(n-옥탄올/물분배계수 (Kow))|HSDB(냄새)|HSDB(녹는점/어는점)|HSDB(분자량)|HSDB(비중)|HSDB(색상)|HSDB(성상)|HSDB(잔류성)|HSDB(점도)|HSDB(증기압)|HSDB(초기 끓는점과 끓는점 범위)|ICSC(인화 또는 폭발 범위의 상한/하한)|NCIS(자연발화온도)|NITE(특정 표적장기 독성 (반복 노출))|pubch무(인화점)|pubch무(증기밀도)|화학물질정보처리시스템(경구)|화학물질정보처리시스템(생식독성)|화학물질정보처리시스템(생식세포변이원성)|화학물질정보처리시스템(심한 눈손상 또는 자극성 )|화학물질정보처리시스템(피부부식성 또는 자극성 )|화학물질정보처리시스템(흡입)
최초작성일자: 2008-01-01
개정횟수: 자료없음
최종 개정일자: 2025-12-02
기타: 자료없음",0.991543,0.981679,False
run-3,008722,12,"어류: 자료없음
갑각류: 자료없음
조류: 자료없음
잔류성: 4.81 log Kow |※출처 : Ecological Structure Activity Relationships(ECOSAR)
분해성: 자료없음
농축성: 689.3 |※출처 : EPI Suite
생분해성: (Cut-off value =  0.0061: 난분해성 (BIOWIN 6))|※출처 : EPI Suite
토양이동성: 2850 (토양에 흡착될 수 있음)|※출처 : EPI Suite
기타 유해 영향: 자료없음","어류: 자료없음
갑각류: 자료없음
조류: 자료없음
잔류성: 4.{ log Kow |※출처 : Ecological Structure Activity Relationships(ECOSAR)
분해성: 자료없음
농축성: 689.3 |※출처 : EPI Suite
생분해성: (Cut-off value =  0.0061: 난분해성 (BIOWIN 6))|※출처 : EPI Suite
토양이동성: 2850 (토양에 흡착될 수 있음)|※출처 : EPI Suite
기타 유해 영향: 자료없음",0.992453,0.983563,False
run-3,039959,3,"물질명: Phosphoric acid polymer with methyloxirane
CAS 번호: 28409-84-9
함유량(%): 100%","물질명: Phosphoric acid polym매 with methyloxirane
CAS 번호: 28409-84-9
함유량(%): 100%",0.974684,0.943114,False
run-3,014142,12,"어류: 자료없음
갑각류: 자료없음
조류: 자료없음
잔류성: 자료없음
분해성: 자료없음
농축성: 자료없음
생분해성: 자료없음
토양이동성: 자료없음
기타 유해 영향: 자료없음","어류: 자료없음
갑각류: 자료없음
조류: 자료없음
잔류성: 자료없음
분해성: 자료없음
농축성: 자료없음
생분해성: 자료없음
토양이동성: 자료없음
기타 유해 영향: 자료없음",1.000000,1.000000,True
run-3,014515,16,"자료의 출처: 자료없음
최초작성일자: 자료없음
개정횟수: 자료없음
최종 개정일자: 자료없음
기타: 자료없음","자료의 출처: 자료없음
최초작성일자: 자료없음
개정횟수: 자료없음
최종 개정일자: 자료없음
기타: 자료없음",1.000000,1.000000,True
run-3,023555,5,"적절한(부적절한) 소화제: 자료없음
화학물질로부터 생기는 특정 유해성: 자료없음
화재진압시 착용할 보호구 및 예방조치: 자료없음","적절한(부적절한) 소화제: 자료없음
화학물질로부터 생기는 특정 유해성: 자료없음
화재진압시 착용할 보호구 및 예방조치: 자료없음",1.000000,1.000000,True
run-3,000541,15,"산업안전보건법에 의한 규제: 작업환경측정대상물질 (측정주기 : 6개월)|관리대상유해물질 |특수건강진단대상물질 (진단주기 : 12개월)|노출기준설정물질
화학물질관리법에 의한 규제: 생태유해성물질
화학물질의 등록 및 평가 등에 관한 법률 규제: 기존화학물질 |생태유해성물질
위험물안전관리법에 의한 규제: 해당없음
폐기물관리법에 의한 규제: 해당없음
국내규제: 해당없음
기타 국내 규제: 해당없음
미국관리정보(OSHA 규정): 해당없음
미국관리정보(CERCLA 규정): 해당없음
미국관리정보(EPCRA 302 규정): 해당없음
미국관리정보(EPCRA 304 규정): 해당없음
미국관리정보(EPCRA 313 규정): 해당없음
미국관리정보(로테르담협약물질): 해당없음
미국관리정보(스톡홀름협약물질): 해당없음
미국관리정보(몬트리올의정서물질): 해당없음
EU 분류정보(확정분류결과): Aquatic Acute 1, Aquatic Chronic 1
EU 분류정보(위험문구): H400, H410
EU 분류정보(안전문구): S:60-61","산업안전보건법에 의한 규제: 작업환경측정대상물질 (측정주기 : 6개월)|관리대상유해물질 |특수건강진단대상물질 (진단주기 : 12개월)|노출기준설정물질
화학물질관리법에 의한 규제: 생태유해성물질
화학물질의 등록 및 평가 등에 관한 법률 규제: 기존화학물질 |생태유해성물질
위험물안전관리법에 의한 규제: 해당없음
폐기물관리법에 의한 규제: 해당없음
국내규제: 해당없음
기타 국내 규제: 해당없음
미국관리정보(OSHA 규정): 해당없음
미국관리정보(CERCLA 규정): 해당없음
미국관리정보(EPCRA 302 규정): 해당없음
미국관리정보(EPCRA 304 규정): 해당없음
미국관리정보(EPCRA 313 규정): 해당없음
미국관리정보(로테르담협약물질): 해당없음
미국관리정보(스톡홀름협약물질): 해당없음
미국관리정보(몬트리올의정서물질): 해당없음
EU 분류정보(확정분류결과): Aquatic Acute 1, Aquatic Chronic 1
EU 분류정보(위험문구): H400, H410
EU 분류정보(안전문구): S:60-61",1.000000,1.000000,True
run-3,006089,7,"안전취급요령: 모든 안전 예방조치 문구를 읽고 이해하기 전에는 취급하지 마시오.|폭발 방지용 전기·환기·조명·(...)·장비를 사용하시오.|스파크가 발생하지 않는 도구만을 사용하시오.|정전기 방지 조치를 취하시오.|(분진·흄·가스·미스트·증기·스프레이)의 흡입을 피하시오.|취급 후에는 취급 부위를 철저히 씻으시오.|이 제품을 사용할 때에는 먹거나, 마시거나 흡연하지 마시오.|옥외 또는 환기가 잘 되는 곳에서만 취급하시오.|압력을 가하거나, 자르거나, 용접, 납땜, 접합, 뚫기, 연마 또는 열에 폭로, 화염, 불꽃, 정전기 또는 다른 점화원에 폭로하지 마시오.|용기가 비워진 후에도 제품 찌꺼기가 남아 있을 수 있으므로 모든 MSDS/라벨 예방조치를 따르시오.|취급/저장에 주의하여 사용하시오.|개봉 전에 조심스럽게 마개를 여시오.|물질 취급시 모든 장비를 반드시 접지하시오|피해야할 물질 및 조건에 유의하시오|저지대 밀폐공간에서 작업시 산소결핍의 우려가 있으므로 작업중, 공기중 산소농도 측정 및 환기를 하시오
안전한 저장방법: 열·스파크·화염·고열로부터 멀리하시오 - 금연|용기를 단단히 밀폐하시오.|환기가 잘 되는 곳에 보관하고 저온으로 유지하시오.|잠금장치가 있는 저장장소에 저장하시오.|빈 드럼통은 완전히 배수하고 적절히 막아 즉시 드럼 조절기에 되돌려 놓거나 적절히 배치하시오.|음식과 음료수로부터 멀리하시오.|피해야할 물질 및 조건에 유의하시오","안전취급요령: 모든 안전 예방조치 문구를 읽고 이해하기 전에는 취급하지 마시오.|폭발 방지용 전기·환기·조명·(...)·장비를 사용하시오.|스파크가 발생하지 않는 도구만을 사용하시오.|정전기 방지 조치를 취하시오.|(분진·흄·가스·미스트·증기·스프레이)의 흡입을 피하시오.|취급 후에는 취급 부위를 철저히 씻으시오.|이 제품을 사용할 때에는 먹거나, 마시거나 흡연하지 마시오.|옥외 또는 환기가 잘 되는 곳에서만 취급하시오.|압력을 가하거나, 자르거나, 용접, 납땜, 접합, 뚫기, 연마 또는 열에 폭로, 화염, 불꽃, 정전기 또는 다른 점화원에 폭로하지 마시오.|용기가 비워진 후에도 제품 찌꺼기가 남아 있을 수 있으므로 모든 MSDS/라벨 예방조치를 따르시오.|취급/저장에 주의하여 사용하시오.|개봉 전에 조심스럽게 마개를 여시오.|물질 취급시 모든 장비를 반드시 접지하시오|피해야할 물질 및 조건에 유의하시오|저지대 밀폐공간에서 작업시 산소결핍의 우려가 있으므로 작업중, 공기중 산소농도 측정 및 환기를 하시오
안전한 저장방법: 열·스파크·화염·고열로부터 멀리하시오 - 금연|용기를 단단히 밀폐하시오.|환기가 잘 되는 곳에 보관하고 저온으로 유지하시오.|잠금장치가 있는 저장장소에 저장하시오.|빈 드럼통은 완전히 배수하고 적절히 막아 즉시 드럼 조절기에 되돌려 놓거나 적절히 배치하시오.|음식과 음료수로부터 멀리하시오.|피해야할 물질 및 조건에 유의하시오",1.000000,1.000000,True
run-3,009549,6,"인체를 보호하기 위해 필요한 조치사항 및 보호구: 모든 점화원을 제거하시오|위험하지 않다면 누출을 멈추시오|피해야할 물질 및 조건에 유의하시오|오염지역을 환기하시오|노출물을 만지거나 걸어다니지 마시오|분진 형성을 방지하시오|적정한 공기(산소 농도 18~23.5%)가 확보될 때까지 공기호흡기 또는 송기마스크 등 적절한 보호구가 없는 상태에서 해당 공간으로 진입하지 마시오.
환경을 보호하기 위해 필요한 조치사항: 수로, 하수구, 지하실, 밀폐공간으로의 유입을 방지하시오
정화 또는 제거 방법: 소량 누출시 다량의 물로 오염지역을 씻어내시오|소량 누출시 모래, 비가연성 물질로 흡수하고 용기에 담으시오|다량 누출시 액체 누출물 멀리 도랑을 만드시오|청결한 삽으로 누출물을 깨끗하고 건조한 용기에 담고 느슨하게 닫은 뒤 용기를 누출지역으로부터 옮기시오|분말 누출시 플라스틱 시트로 덮어 확산을 막고 건조한 상태로 유지하시오","인체를 보호하기 위해 필요한 조치사항 및 보호구: 모든 점화원을 제거하시오|위험하지 않다면 누출을 멈추시오|피해야할 물질 및 조건에 유의하시오|오염지역을 환기하시오|노출물을 만지거나 걸어다니지 마시오|분진 형성을 방지하시오|적정한 공기(산소 농도 18~23.5%)가 확보될 때까지 공기호흡기 또는 송기마스크 등 적절한 보호구가 없는 상태에서 해당 공간으로 진입하지 마시오.
환경을 보호하기 위해 필요한 조치사항: 수로, 하수구, 지하실, 밀폐공간으로의 유입을 방지하시오
정화 또는 제거 방법: 소량 누출시 다량의 물로 오염지역을 씻어내시오|소량 누출시 모래, 비가연성 물질로 흡수하고 용기에 담으시오|다량 누출시 액체 누출물 멀리 도랑을 만드시오|청결한 삽으로 누출물을 깨끗하고 건조한 용기에 담고 느슨하게 닫은 뒤 용기를 누출지역으로부터 옮기시오|분말 누출시 플라스틱 시트로 더.어 확산을 막고 건조한 상태로 유지하시오",0.995643,0.991866,False
run-3,037407,13,"폐기방법: 1) 기름과 물 분리가 가능한 것은 기름과 물 분리방법으로 사전처리 하시오.
폐기시 주의사항: 자료없음","폐기방법: 1- 기름과 물 분리가 가능한 것은 기름과 물 분리방법으로 사전처리 하시오.
폐기시 주의사항: 자료없음",0.984127,0.941305,False
run-3,001182,12,"어류: 자료없음
갑각류: 자료없음
조류: 자료없음
잔류성: 자료없음
분해성: 자료없음
농축성: 자료없음
생분해성: 자료없음
토양이동성: 자료없음
기타 유해 영향: 자료없음","어류: 자료없음
갑각류: 자료없음
조류: 자료없음
잔류성: 자료없음
분해성: 자료없음
농축성: 자료없음
생분해성: 자료없음
토양이동성: 자료없음
기타 유해 영향: 자료없음",1.000000,1.000000,True
run-3,034854,2,"유해성·위험성 분류: 심한 눈 손상성/눈 자극성 : 구분2|만성 수생환경 유해성 : 구분3
그림문자: GHS07.gif
신호어: 경고
유해·위험문구: H319 : 눈에 심한 자극을 일으킴|H412 : 장기적인 영향에 의해 수생생물에게 유해함
예방: P264 : 취급 후에는…을(를)철저히 씻으시오.|P273 : 환경으로 배출하지 마시오.|P280 : 보호장갑/보호의/보안경/안면보호구를(을)착용하시오.
대응: P305+P351+P338 : 눈에 묻으면:몇 분간 물로 조심해서 씻으시오.가능하면 콘택트렌즈를 제거하시오.계속 씻으시오.|P337+P313 : 눈에 자극이 지속되면:의학적인 조치/조언을 받으시오.
저장: 자료없음
폐기: P501 : 폐기물 관련 법령에 따라 내용물/용기를 폐기하시오
유해성·위험성 분류기준에 포함되지 않는 기타 유해성·위험성(예. 분진폭발 위험성): 자료없음","유해성·위험성 분류: 심한 눈 손상성/눈 자극성 : 구분2|만성 수생환경 유해성 : 구분3
그림문자: GHS07.gif
신호어: 경고
유해·위험문구: H319 : 눈에 심한 자극을 일으킴|H412 : 장기적인 영향에 의해 수생생물에게 유해함
예방: P264 : 취급 후에는…을(를)철저히 씻으시오.|P273 : 환경으로 배출하지 마시오.|P280 : 보호장갑/보호의/보안경/안면보호구를(을)착용하시오.
대응: P305+P351+P338 : 눈에 묻으면:몇 분간 물로 조심해서 씻으시오.가능하면 콘택트렌즈를 제거하시오.계속 씻으시오.|P337+P313 : 눈에 자극이 지속되면:의학적인 조치/조언을 받으시오.
저장: 자료없음
폐기: P501 : 폐기물 관련 법령에 따라 내용물/용기를 폐기하시오
유해성·위험성 분류기준에 포함되지 않는 기타 유해성·위험성(예. 분진폭발 위험성): 자료없음",1.000000,1.000000,True
run-3,006183,16,"자료의 출처: ECOSAR(갑각류)|ECOSAR(어류)|ECOSAR(조류)
최초작성일자: 2008-12-29
개정횟수: 자료없음
최종 개정일자: 2025-08-08
기타: 자료없음","자료의 출처: ECOSAR(갑각류)|ECOSAR(어류)|ECOSAR(조류)
최초작성일자: 2008-12-29
개정횟수: 자료없음
최종 개정일자: 2025-08-08
기타: 자료없음",1.000000,1.000000,True
run-3,039584,3,"물질명: Pent-4-en-2-ol
CAS 번호: 625-31-0
함유량(%): 100%","물질명: Pent-4-⠴메-2-ol
CAS 번호: 625-31-0
함유량(%): 100%",0.959184,0.901743,False
run-3,034587,15,,,1.000000,1.000000,True
run-3,037264,13,"폐기방법: 자료없음
폐기시 주의사항: 자료없음","폐기방법: 자료없음
폐기시 주의사항: 자료없음",1.000000,1.000000,True
run-3,014176,7,"안전취급요령: 자료없음
안전한 저장방법: 자료없음","안전취급요령: 자료없음
안전한 저장방법: 자료없음",1.000000,1.000000,True
run-3,029564,10,"화학적 안정성 및 유해 반응의 가능성: 자료없음
피해야 할 조건: 자료없음
피해야 할 물질: 자료없음
분해시 생성되는 유해물질: 자료없음","화학적 안정성 및 유해 반응의 가능성: 자료없음
피해야 할 조건: 자료없음
피해야 할 물질: 자료없음
분해시 생성되는 유해물질: 자료없음",1.000000,1.000000,True
run-3,005057,13,"폐기방법: 자료없음
폐기시 주의사항: 자료없음","폐기방법: 자료없음
폐기시 주의사항: 자료없음",1.000000,1.000000,True
run-3,028124,10,"화학적 안정성 및 유해 반응의 가능성: 상온상압조건에서 안정함|가열시 용기가 폭발할 수 있음|일부는 탈 수 있으나 쉽게 점화하지 않음|화재시 자극성, 독성 가스를 발생할 수 있음|물질의 흡입은 유해할 수 있음|일부 액체는 현기증, 질식을 유발하는 증기는 발생할 수 있음
피해야 할 조건: 열, 스파크, 화염 등 점화원
피해야 할 물질: 가연성 물질
분해시 생성되는 유해물질: 자료없음","화학적 안정성 및 유해 반응의 가능성: 상온상압조건에서 안정함|가열시 용기가 폭발할 수 있음|일부는 탈 수 있으나 쉽게 점화하지 않음|화재시 자극성, 독성 가스를 발생할 수 있음|물질의 흡입은 유해할 수 있음|일부 액체는 현기증, 질식을 유발하는 증기는 발생할 수 있음
피해야 할 조건: 열, 스파크, 화염 등 점화원
피해야 할 물질: 가연성 물질
분해시 생성되는 유해물질: 자료없음",1.000000,1.000000,True
run-3,013763,1,"제품명: C16-18 및 불포화 C18 메틸 에스터 지방산
제품의 권고 용도: 바이오디젤
제품의 사용상의 제한: 자료없음
회사명: 자료없음
주소: 자료없음
긴급전화번호: 자료없음","제품명: C16-18 및 불포화 C18 메틸 에스터 지방산
제품의 권고 용도: 바이오디젤
제품의 사용상의 제한: 자료없음
회사명: 자료없음
주소: 자료없음
긴급전화번호: 자료없음",1.000000,1.000000,True
run-3,043892,7,"안전취급요령: 자료없음
안전한 저장방법: 자료없음","안전취급요령: 자료없음
안전한 저장방법: 자료없음",1.000000,1.000000,True
run-3,006780,3,"물질명: 부톡시에틸 2,4,5-트리클로로페녹시아세트산(BUTOXYETHYL 2,4,5-TRICHLOROPHENOXYA...
이명(관용명): 2-부톡시에틸 2,4,5-트리클로로페녹시아세트산(2-BUTOXYETHYL
CAS 번호: 2545-59-7
함유량(%): 100%","물질명: 부톡시에틸 2,4,5-트리클로로페녹시아세트산(BUTOXYETHYL 2,4,5-TRICHLOROPHENOXYA...
이명(관용명): 2-부톡시에틸 2,4,5-트리클로로페녹시아세트산(2-BUTOXYETHYL
CAS 번호: 2545-59-7
함유량(%): 100%",1.000000,1.000000,True
run-3,049876,4,"눈에 들어갔을 때: 자료없음
피부에 접촉했을 때: 자료없음
흡입했을 때: 자료없음
먹었을 때: 자료없음
기타 의사의 주의사항: 자료없음","눈에 들어갔을 때: 자료없음
피부에 접촉했을 때: 자료없음
흡입했을 때: 자료없음
먹었을 때: 자료없음
기타 의사의 주의사항: 자료없음",1.000000,1.000000,True
run-3,040031,4,"눈에 들어갔을 때: 자료없음
피부에 접촉했을 때: 자료없음
흡입했을 때: 자료없음
먹었을 때: 자료없음
기타 의사의 주의사항: 자료없음","눈에 들어갔을 때: 자료없음
피부에 접촉했을 때: 자료없음
흡입했을 때: 자료없음
먹었을 때: 자료없음
기타 의사의 주의사항: 자료없음",1.000000,1.000000,True
run-3,010410,3,"물질명: 2-메틸-1,3,2-디옥사보리난(2-METHYL-1,3,2-DIOXABORINANE)
이명(관용명): C4H9BO2;
CAS 번호: 51901-48-5
함유량(%): 100%","물질명: 2-메틸-1,3,2-디옥사보리난(2-METHYL-1,3,2-DIOXABORINANE)
이명(관용명): C4H9BO2;
CAS 번호: 51901-48-5
함유량(%): 100%",1.000000,1.000000,True
run-3,012338,1,"제품명: 2-(트리페닐포스포니오)에틸 클로로포름산염 염화물(2-(TRIPHENYLPHOSPHONIO)ETHYL CHL...
제품의 권고 용도: 자료없음
제품의 사용상의 제한: 자료없음
회사명: 자료없음
주소: 자료없음
긴급전화번호: 자료없음","제품명: 2-(트리페닐포스포니오)에틸 클로로포름산염 염화물(2-(TRIPHENYLPHOSPHONIO)ETHYL CHL...
제품의 권고 용도: 자료없음
제품의 사용상의 제한: 자료없음
회사명: 자료없음
주소: 자료없음
긴급전화번호: 자료없음",1.000000,1.000000,True
run-3,041937,9,"외관: 자료없음
성상: 자료없음
색상: 자료없음
냄새: 자료없음
냄새역치: 자료없음
pH: 자료없음
녹는점/어는점: 자료없음
초기 끓는점과 끓는점 범위: 자료없음
인화점: 자료없음
증발속도: 자료없음
인화성(고체, 기체): 자료없음
인화 또는 폭발 범위의 상한/하한: 자료없음
증기압: 자료없음
용해도: 자료없음
증기밀도: 자료없음
비중: 자료없음
n-옥탄올/물분배계수 (Kow): 자료없음
자연발화온도: 자료없음
분해온도: 자료없음
점도: 자료없음
분자량: 자료없음","외관: 자료없음
성상: 자료없음
색상: 자료없음
냄새: 자료없음
냄새역치: 자료없음
pH: 자료없음
녹는점/어는점: 자료없음
초기 끓는점과 끓는점 범위: 자료없음
인화점: 자료없음
증발속도: 자료없음
인화성(고체, 기체): 자료없음
인화 또는 폭발 범위의 상한/하한: 자료없음
증기압: 자료없음
용해도: 자료없음
증기밀도: 자료없음
비중: 자료없음
n-옥탄올/물분배계수 (Kow): 자료없음
자연발화온도: 자료없음
분해온도: 자료없음
점도: 자료없음
분자량: 자료없음",1.000000,1.000000,True
run-3,365801,8,"국내규정: |자료없음
ACGIH 규정: 자료없음
생물학적 노출기준: 자료없음
기타 노출기준: 자료없음
적절한 공학적 관리: 자료없음
호흡기 보호: |노출되는 입자상 물질의 물리화학적 특성에 맞는 산업안전보건공단의 인증을 필한 호흡용 보호구를 착용하시오|입자상 물질의 경우 다음과 같은 호흡기 보호구가 권고됨
- 안면부 여과식 방진마스크 또는 공기 여과식 방진마스크(고효율 미립자 여과재) 또는 전동팬 부착방진 마스크(분진, 미스트, 흄용 여과재)|산소가 부족한 경우(&amp;lt;19.6%), 송기마스크, 혹은 자급식 호흡보호구를 착용하시오||물리 화학적 특성에 맞는 한국산업안전보건공단의 인증을 필한 방진마스크 또는 방독마스크를 착용하시오.
눈 보호: |눈에 자극을 일으키거나 기타 건강상의 장해를 일으킬 수 있는 입자상 물질에 대하여 눈을 보호하기 위하여 통기성 보안경을 착용하시오||근로자가 접근이 용이한 위치에 긴급세척시설(샤워식) 및 세안설비를 설치하시오
손 보호: |화학물질의 물리적 및 화학적 특성을 고려하여 적절한 재질의 보호장갑을 착용하시오
신체 보호: |화학물질의 물리적 및 화학적 특성을 고려하여 적절한 재질의 보호의복을 착용하시오","국내규정: |자료없음
ACGIH 규정: 자료없음
생물학적 노출기준: 자료없음
기타 노출기준: 자료없음
적절한 공학적 관리: 자료없음
호흡기 보호: |노출되는 입자상 물질의 물리화학적 특성에 맞는 산업안전보건공단의 인증을 필한 호흡용 보호구를 착용하시오|입자상 물질의 경우 다음과 같은 호흡기 보호구가 권고됨
- 안면부 여과식 방진마스크 또는 공기 여과식 방진마스크(고효율 미립자 여과재) 또는 전동팬 부착방진 마스크(분진, 미스트, 흄용 여과재)|산소가 부족한 경우(&amp;lt;19.6%), 송기마스크, 혹은 자급식 호흡보호구를 착용하시오||물리 화학적 특성에 맞는 한국산업안전보건공단의 인증을 필한 방진마스크 또는 방독마스크를 착용하시오.
눈 보호: |눈에 자극을 일으키거나 기타 건강상의 장해를 일으킬 수 있는 입자상 물질에 대하여 눈을 보호하기 위하여 통기성 보안경을 착용하시오||근로자가 접근이 용이한 위치에 긴급세척시설(샤워식) 및 세안설비를 설치하시오
손 보호: |화학물질의 물리적 및 화학적 특성을 고려하여 적절한 재질의 보호장갑을 착용하시오
신체 보호: |화학물질의 물리적 및 화학적 특성을 고려하여 적절한 재질의 보호의복을 착용하시오",1.000000,1.000000,True
run-3,003016,8,"국내규정: |자료없음
ACGIH 규정: 해당 없음
생물학적 노출기준: | 해당 없음
기타 노출기준: 자료없음
적절한 공학적 관리: |공정격리, 국소배기를 사용하거나 공기수준을 노출기준 이하로 유지하시오
호흡기 보호: |노출되는 입자상 물질의 물리화학적 특성에 맞는 산업안전보건공단의 인증을 필한 호흡용 보호구를 착용하시오|입자상 물질의 경우 다음과 같은 호흡기 보호구가 권고됨
- 안면부 여과식 방진마스크 또는 공기 여과식 방진마스크(고효율 미립자 여과재) 또는 전동팬 부착방진 마스크(분진, 미스트, 흄용 여과재)|산소가 부족한 경우(&amp;lt;19.6%), 송기마스크, 혹은 자급식 호흡보호구를 착용하시오
눈 보호: |눈에 자극을 일으키거나 기타 건강상의 장해를 일으킬 수 있는 입자상 물질에 대하여 눈을 보호하기 위하여 통기성 보안경을 착용하시오||근로자가 접근이 용이한 위치에 긴급세척시설(샤워식) 및 세안설비를 설치하시오
손 보호: |화학물질의 물리적 및 화학적 특성을 고려하여 적절한 재질의 보호장갑을 착용하시오
신체 보호: |화학물질의 물리적 및 화학적 특성을 고려하여 적절한 재질의 보호의복을 착용하시오","국내규정: |자료없음
ACGIH 규정: 해당 없음
생물학적 노출기준: | 해당 없음
기타 노출기준: 자료없음
적절한 공학적 관리: |공정격리, 국소배기를 사용하거나 공기수준을 노출기준 이하로 유지하시오
호흡기 보호: |노출되는 입자상 물질의 물리화학적 특성에 맞는 산업안전보건공단의 인증을 필한 호흡용 보호구를 착용하시오|입자상 물질의 경우 다음과 같은 호흡기 보호구가 권고됨
- 안면부 여과식 방진마스크 또는 공기 여과식 방진마스크(고효율 미립자 여과재) 또는 전동팬 부착방진 마스크(분진, 미스트, 흄용 여과재)|산소가 부족한 경우(&amp;lt;19.6%), 송기마스크, 혹은 자급식 호흡보호구를 착용하시오
눈 보호: |눈에 자극을 일으키거나 기타 건강상의 장해를 일으킬 수 있는 입자상 물질에 대하여 눈을 보호하기 위하여 통기성 보안경을 착용하시오||근로자가 접근이 용이한 위치에 긴급세척시설(샤워식) 및 세안설비를 설치하시오
손 보호: |화학물질의 물리적 및 화학적 특성을 고려하여 적절한 재질의 보호장갑을 착용하시오
신체 보호: |화학물질의 물리적 및 화학적 특성을 고려하여 적절한 재질의 보호의복을 착용하시오",1.000000,1.000000,True
run-3,004003,3,"물질명: 푸란 1(FURAN 1)
이명(관용명): LC 4260;
CAS 번호: 138361-33-8
함유량(%): 100%","물질명: 푸란 1(FURAN 1)
이명(관용명): LC 4260;
CAS 번호: 138361-33-8
함유량(%): 100%",1.000000,1.000000,True
run-3,019423,10,"화학적 안정성 및 유해 반응의 가능성: 가열시 용기가 폭발할 수 있음|일부는 탈 수 있으나 쉽게 점화하지 않음|비인화성, 물질 자체는 타지 않으나 가열시 분해하여 부식성/독성 흄을 발생할 수 있음|화재시 자극성, 부식성, 독성 가스를 발생할 수 있음
피해야 할 조건: 열, 스파크, 화염 등 점화원
피해야 할 물질: 가연성 물질, 환원성 물질
분해시 생성되는 유해물질: 부식성/독성 흄|자극성, 독성 가스|자극성, 부식성, 독성 가스","화학적 안정성 및 유해 반응의 가능성: 가열시 용기가 폭발할 수 있음|일부는 탈 수 있으나 쉽게 점화하지 않음|비인화성, 물질 자체는 타지 않으나 가열시 분해하여 부식성/독성 흄을 발생할 수 있음|화재시 자극성, 부식성, 독성 가스를 발생할 수 있음
피해야 할 조건: 열, 스파크, 화염 등 점화원
피해야 할 물질: 가연성 물질, 환원성 물질
분해시 생성되는 유해물질: 부식성/독성 흄|자극성, 독성 가스|자극성, 부식성, 독성 가스",1.000000,1.000000,True
run-3,038409,15,"산업안전보건법에 의한 규제: 해당없음
화학물질관리법에 의한 규제: 해당없음
화학물질의 등록 및 평가 등에 관한 법률 규제: 기존화학물질
위험물안전관리법에 의한 규제: 해당없음
폐기물관리법에 의한 규제: 해당없음
국내규제: 해당없음
기타 국내 규제: 해당없음
미국관리정보(OSHA 규정): 해당없음
미국관리정보(CERCLA 규정): 해당없음
미국관리정보(EPCRA 302 규정): 해당없음
미국관리정보(EPCRA 304 규정): 해당없음
미국관리정보(EPCRA 313 규정): 해당없음
미국관리정보(로테르담협약물질): 해당없음
미국관리정보(스톡홀름협약물질): 해당없음
미국관리정보(몬트리올의정서물질): 해당없음
EU 분류정보(확정분류결과): 해당없음
EU 분류정보(위험문구): 해당없음
EU 분류정보(안전문구): 해당없음","산업안전보건법에 의한 규제: 해당없음
화학물질관리법에 의한 규제: 해당없음
화학물질의 등록 및 평가 등에 관한 법률 규제: 기존화학물질
위험물안전관리법에 의한 규제: 해당없음
폐기물관리법에 의한 규제: 해당없음
국내규제: 해당없음
기타 국내 규제: 해당없음
미국관리정보(OSHA 규정): 해당없음
미국관리정보(CERCLA 규정): 해당없음
미국관리정보(EPCRA 302 규정): 해당없음
미국관리정보(EPCRA 304 규정): 해당없음
미국관리정보(EPCRA 313 규정): 해당없음
미국관리정보(로테르담협약물질): 해당없음
미국관리정보(스톡홀름협약물질): 해당없음
미국관리정보(몬트리올의정서물질): 해당없음
EU 분류정보(확정분류결과): 해당없음
EU 분류정보(위험문구): 해당없음
EU 분류정보(안전문구): 해당없음",1.000000,1.000000,True
run-3,047590,5,"적절한(부적절한) 소화제: 소형 화재: 건조화학제 (적절한 소화제)|소형 화재: 물분무 (적절한 소화제)|소형 화재: 일반포말 (적절한 소화제)|소형 화재: CO2 (적절한 소화제)|고압주수 (부적절한 소화제)|대형 화재: 물분무/안개 (적절한 소화제)|대형 화재: 일반포말 (적절한 소화제)
화학물질로부터 생기는 특정 유해성: 가열시 용기가 폭발할 수 있음|일부는 탈 수 있으나 쉽게 점화하지 않음|접촉 시 피부와 눈에 화상을 입힐 수 있음|화재시 자극성, 독성 가스를 발생할 수 있음|물질의 흡입은 유해할 수 있음|석면의 흡입은 폐에 손상을 줄 수 있음|일부 액체에서 현기증 및 질식을 유발하는 증기를 발생할 수 있음
화재진압시 착용할 보호구 및 예방조치: 일부는 고온으로 운송될 수 있으니 주의하시오|소화수의 처분을 위해 도랑을 파서 가두고 물질이 흩어지지 않게 하시오|위험하지 않다면 화재지역에서 용기를 옮기시오|탱크 화재시 소화가 진화된 후에도 다량의 물로 용기를 식히시오|탱크 화재시 압력 방출장치에서 고음이 있거나 탱크가 변색할 경우 즉시 물러나시오|탱크 화재시 화염에 휩싸인 탱크에서 물러나시오","적절한(부적절한) 소화제: 소형 화재: 건조화학제 (적절한 소화제)|소형 화재: 물분무 (적절한 소화제)|소형 화재: 일반포말 (적절한 소화제)|소형 화재: CO2 (적절한 소화제)|고압주수 (부적절한 소화제)|대형 화재: 물분무/안개 (적절한 소화제)|대형 화재: 일반포말 (적절한 소화제)
화학물질로부터 생기는 특정 유해성: 가열시 용기가 폭발할 수 있음|일부는 탈 수 있으나 쉽게 점화하지 않음|접촉 시 피부와 눈에 화상을 입힐 수 있음|화재시 자극성, 독성 가스를 발생할 수 있음|물질의 흡입은 유해할 수 있음|석면의 흡입은 폐에 손상을 줄 수 있음|일부 액체에서 현기증 및 질식을 유발하는 증기를 발생할 수 있음
화재진압시 착용할 보호구 및 예방조치: 일부는 고온으로 운송될 수 있으니 주의하시오|소화수의 처분을 위해 도랑을 파서 가두고 물질이 흩어지지 않게 하시오|위험하지 않다면 화재지역에서 용기를 옮기시오|탱크 화재시 소화가 진화된 후에도 다량의 물로 용기를 식히시오|탱크 화재시 압력 방출장치에서 고음이 있거나 탱크가 변색할 경우 즉시 물러나시오|탱크 화재시 화염에 휩싸인 탱크에서 물러나시오",1.000000,1.000000,True
run-3,041773,4,"눈에 들어갔을 때: 자료없음
피부에 접촉했을 때: 자료없음
흡입했을 때: 자료없음
먹었을 때: 자료없음
기타 의사의 주의사항: 자료없음","눈에 들어갔을 때: 자료없음
피부에 접촉했을 때: 자료없음
흡입했을 때: 자료없음
먹었을 때: 자료없음
기타 의사의 주의사항: 자료없음",1.000000,1.000000,True
run-3,010683,10,"화학적 안정성 및 유해 반응의 가능성: 자료없음
피해야 할 조건: 자료없음
피해야 할 물질: 자료없음
분해시 생성되는 유해물질: 자료없음","화학적 안정성 및 유해 반응의 가능성: 자료없음
피해야 할 조건: 자료없음
피해야 할 물질: 자료없음
분해시 생성되는 유해물질: 자료없음",1.000000,1.000000,True
run-3,019308,10,"화학적 안정성 및 유해 반응의 가능성: 자료없음
피해야 할 조건: 자료없음
피해야 할 물질: 자료없음
분해시 생성되는 유해물질: 자료없음","화학적 안정성 및 유해 반응의 가능성: 자료없음
피해야 할 조건: 자료없음
피해야 할 물질: 자료없음
분해시 생성되는 유해물질: 자료없음",1.000000,1.000000,True
